VendorID,tpep_pickup_datetime,tpep_dropoff_datetime,passenger_count,trip_distance,RatecodeID,store_and_fwd_flag,PULocationID,DOLocationID,payment_type,fare_amount,extra,mta_tax,tip_amount,tolls_amount,improvement_surcharge,total_amount,congestion_surcharge,description
1,2020-12-01 00:07:13,2020-12-01 00:18:12,1,7.60,1,N,138,263,1,21.5,3,0.5,2.5,6.12,0.3,33.92,2.5,random destip*#
1,2020-12-01 00:41:19,2020-12-01 00:49:45,1,1.60,1,N,140,263,1,8,3,0.5,2.95,0,0.3,14.75,2.5,random destip*#
2,2020-12-01 00:33:40,2020-12-01 01:00:35,1,16.74,2,N,132,164,1,52,0,0.5,2.5,6.12,0.3,63.92,2.5,random destip*#
2,2020-12-01 00:02:15,2020-12-01 00:13:09,1,4.16,1,N,238,48,1,14,0.5,0.5,1,0,0.3,18.8,2.5,random destip*#
2,2020-12-01 00:37:42,2020-12-01 00:45:11,1,2.22,1,N,238,41,2,8.5,0.5,0.5,0,0,0.3,9.8,0,random destip*#
1,2020-12-01 00:27:47,2020-12-01 00:45:40,0,8.40,1,N,138,137,1,25,3,0.5,6,6.12,0.3,40.92,2.5,random destip*#
2,2020-12-01 00:40:47,2020-12-01 00:57:03,1,6.44,1,N,132,191,1,19.5,0.5,0.5,4.16,0,0.3,24.96,0,random destip*#
2,2020-12-01 00:01:42,2020-12-01 00:06:06,1,.99,1,N,234,137,1,5.5,0.5,0.5,1.86,0,0.3,11.16,2.5,random destip*#
2,2020-12-01 00:58:24,2020-12-01 01:36:14,2,11.81,1,N,261,7,1,36.5,0.5,0.5,1,0,0.3,41.3,2.5,random destip*#
1,2020-12-01 00:08:15,2020-12-01 00:16:04,2,2.70,1,N,237,107,1,9.5,3,0.5,2.65,0,0.3,15.95,2.5,random destip*#
2,2020-12-01 00:04:21,2020-12-01 00:29:00,1,6.28,1,N,41,68,2,23,0.5,0.5,0,0,0.3,26.8,2.5,random destip*#
2,2020-12-01 00:22:03,2020-12-01 00:52:55,1,18.93,2,N,132,211,1,52,0,0.5,12.28,6.12,0.3,73.7,2.5,random destip*#
2,2020-12-01 00:46:31,2020-12-01 00:53:49,5,2.75,1,N,249,230,2,9.5,0.5,0.5,0,0,0.3,13.3,2.5,random destip*#
2,2020-12-01 00:51:30,2020-12-01 01:26:52,2,21.80,2,N,132,13,1,52,0,0.5,11.06,0,0.3,66.36,2.5,random destip*#
1,2020-12-01 00:14:34,2020-12-01 00:31:04,1,7.60,1,N,140,65,1,23,3,0.5,5.35,0,0.3,32.15,2.5,random destip*#
1,2020-12-01 00:11:02,2020-12-01 00:17:34,1,1.70,1,N,239,141,2,7.5,3,0.5,0,0,0.3,11.3,2.5,random destip*#
1,2020-12-01 00:54:55,2020-12-01 00:57:09,1,.50,1,N,263,141,2,4,3,0.5,0,0,0.3,7.8,2.5,random destip*#
1,2020-12-01 00:11:22,2020-12-01 00:40:36,1,21.00,2,N,132,231,1,52,2.5,0.5,16.55,0,0.3,71.85,2.5,random destip*#
2,2020-11-30 23:59:22,2020-12-01 00:05:51,3,.81,1,N,50,48,1,5.5,0.5,0.5,1.88,0,0.3,11.18,2.5,random destip*#
2,2020-12-01 00:24:34,2020-12-01 00:29:59,4,1.45,1,N,48,162,1,6.5,0.5,0.5,2.06,0,0.3,12.36,2.5,random destip*#
1,2020-12-01 00:53:58,2020-12-01 00:54:06,1,.00,1,N,132,132,3,2.5,0.5,0.5,0,0,0.3,3.8,0,random destip*#
2,2020-12-01 00:20:44,2020-12-01 00:32:48,5,3.78,1,N,140,42,2,13.5,0.5,0.5,0,0,0.3,17.3,2.5,random destip*#
2,2020-12-01 00:42:13,2020-12-01 00:46:05,1,1.12,1,N,138,129,2,5.5,0.5,0.5,0,0,0.3,6.8,0,random destip*#
2,2020-12-01 00:02:45,2020-12-01 00:11:35,1,1.63,1,N,137,48,1,8,0.5,0.5,2.36,0,0.3,14.16,2.5,random destip*#
2,2020-12-01 00:14:38,2020-12-01 00:38:53,3,7.01,1,N,137,129,2,23.5,0.5,0.5,0,0,0.3,27.3,2.5,random destip*#
2,2020-12-01 00:21:33,2020-12-01 00:33:44,1,5.31,1,N,141,69,1,16,0.5,0.5,0,0,0.3,19.8,2.5,random destip*#
2,2020-12-01 00:34:26,2020-12-01 00:50:02,1,7.92,1,N,138,137,1,23,0.5,0.5,6.58,6.12,0.3,39.5,2.5,random destip*#
1,2020-12-01 00:52:58,2020-12-01 00:54:28,1,.70,1,N,162,170,2,4,3,0.5,0,0,0.3,7.8,2.5,random destip*#
2,2020-12-01 00:30:32,2020-12-01 00:39:11,2,2.33,1,N,161,140,1,9.5,0.5,0.5,2.66,0,0.3,15.96,2.5,random destip*#
2,2020-11-30 23:56:50,2020-12-01 00:03:37,1,1.72,1,N,161,107,2,7.5,0.5,0.5,0,0,0.3,11.3,2.5,random destip*#
2,2020-12-01 00:29:36,2020-12-01 00:31:19,1,.52,1,N,237,141,1,3.5,0.5,0.5,1.82,0,0.3,9.12,2.5,random destip*#
1,2020-12-01 00:20:26,2020-12-01 00:23:06,0,1.10,1,N,90,230,2,5,3,0.5,0,0,0.3,8.8,2.5,random destip*#
2,2020-12-01 00:19:55,2020-12-01 00:28:26,1,2.22,1,N,230,239,1,9.5,0.5,0.5,2.66,0,0.3,15.96,2.5,random destip*#
2,2020-12-01 00:25:05,2020-12-01 00:47:44,1,18.75,2,N,132,262,1,52,0,0.5,20,6.12,0.3,81.42,2.5,random destip*#
2,2020-12-01 00:12:55,2020-12-01 00:31:15,1,8.06,1,N,75,88,1,25,0.5,0.5,5.76,0,0.3,34.56,2.5,random destip*#
1,2020-12-01 00:57:19,2020-12-01 01:10:52,1,3.70,1,N,148,49,2,13.5,3,0.5,0,0,0.3,17.3,2.5,random destip*#
2,2020-12-01 00:00:41,2020-12-01 00:06:19,1,2.52,1,N,140,137,2,9,0.5,0.5,0,0,0.3,12.8,2.5,random destip*#
2,2020-12-01 00:14:43,2020-12-01 00:38:13,2,10.05,1,N,132,225,1,30,0.5,0.5,6.26,0,0.3,37.56,0,random destip*#
2,2020-12-01 00:14:08,2020-12-01 00:21:20,1,2.41,1,N,48,107,2,9,0.5,0.5,0,0,0.3,12.8,2.5,random destip*#
2,2020-12-01 00:31:55,2020-12-01 00:36:09,1,1.37,1,N,68,230,2,6,0.5,0.5,0,0,0.3,9.8,2.5,random destip*#
1,2020-12-01 00:08:49,2020-12-01 00:16:59,1,2.40,1,N,263,238,1,9,3.5,0.5,2.65,0,0.3,15.95,2.5,random destip*#
1,2020-12-01 00:17:41,2020-12-01 00:24:29,1,2.40,1,N,233,236,1,9,3,0.5,2.55,0,0.3,15.35,2.5,random destip*#
2,2020-12-01 00:19:22,2020-12-01 00:46:33,1,17.78,2,N,132,229,1,52,0,0.5,5,0,0.3,60.3,2.5,random destip*#
1,2020-12-01 00:48:48,2020-12-01 01:05:24,1,4.90,1,N,170,151,2,16.5,3,0.5,0,0,0.3,20.3,2.5,random destip*#
1,2020-12-01 00:06:54,2020-12-01 00:12:12,1,1.70,1,N,107,229,1,7,3,0.5,2.15,0,0.3,12.95,2.5,random destip*#
1,2020-12-01 00:13:41,2020-12-01 00:19:20,1,2.00,1,N,229,263,1,7.5,3,0.5,2.25,0,0.3,13.55,2.5,random destip*#
2,2020-12-01 00:01:54,2020-12-01 00:12:12,1,1.93,1,N,236,143,1,9.5,0.5,0.5,2.66,0,0.3,15.96,2.5,random destip*#
1,2020-12-01 00:04:17,2020-12-01 00:04:32,1,.00,1,N,42,42,2,2.5,0.5,0.5,0,0,0.3,3.8,0,random destip*#
1,2020-12-01 00:39:28,2020-12-01 00:47:45,1,2.80,1,N,10,197,1,10.5,0.5,0.5,7,0,0.3,18.8,0,random destip*#
2,2020-12-01 00:02:55,2020-12-01 00:12:05,1,2.20,1,N,237,143,1,9.5,0.5,0.5,2.66,0,0.3,15.96,2.5,random destip*#
2,2020-12-01 00:00:51,2020-12-01 00:13:34,2,5.10,1,N,137,80,1,16.5,0.5,0.5,5.08,0,0.3,25.38,2.5,random destip*#
2,2020-12-01 00:24:06,2020-12-01 00:48:07,2,17.95,2,N,132,114,1,52,0,0.5,16.59,0,0.3,71.89,2.5,random destip*#
2,2020-12-01 00:08:12,2020-12-01 00:30:28,1,6.77,1,N,237,102,1,22.5,0.5,0.5,5.26,0,0.3,31.56,2.5,random destip*#
2,2020-12-01 00:08:51,2020-12-01 00:25:34,1,4.67,1,N,237,223,2,16.5,0.5,0.5,0,0,0.3,20.3,2.5,random destip*#
2,2020-12-01 00:46:04,2020-12-01 01:03:51,1,8.76,1,N,132,95,2,26,0.5,0.5,0,0,0.3,27.3,0,random destip*#
1,2020-12-01 00:38:59,2020-12-01 01:00:47,1,6.90,1,N,137,37,1,22.5,3,0.5,2,0,0.3,28.3,2.5,random destip*#
2,2020-11-30 23:52:54,2020-11-30 23:54:54,1,.70,1,N,163,50,2,4,0.5,0.5,0,0,0.3,7.8,2.5,random destip*#
2,2020-12-01 00:05:53,2020-12-01 00:08:38,1,.70,1,N,48,50,1,4.5,0.5,0.5,1,0,0.3,9.3,2.5,random destip*#
2,2020-12-01 00:44:36,2020-12-01 00:46:47,1,1.00,1,N,249,90,1,5,0.5,0.5,1.76,0,0.3,10.56,2.5,random destip*#
2,2020-12-01 00:41:19,2020-12-01 01:03:03,1,10.82,1,N,138,142,1,32,0.5,0.5,8.38,6.12,0.3,50.3,2.5,random destip*#
2,2020-12-01 00:50:29,2020-12-01 01:03:28,1,3.75,1,N,237,211,2,13.5,0.5,0.5,0,0,0.3,17.3,2.5,random destip*#
2,2020-12-01 00:48:34,2020-12-01 01:03:17,1,3.44,1,N,211,52,1,14,0.5,0.5,3.56,0,0.3,21.36,2.5,random destip*#
2,2020-12-01 00:04:05,2020-12-01 00:10:59,1,2.38,1,N,142,68,1,8.5,0.5,0.5,2,0,0.3,14.3,2.5,random destip*#
2,2020-12-01 00:35:23,2020-12-01 00:40:41,1,1.35,1,N,264,142,1,6,0.5,0.5,1.96,0,0.3,11.76,2.5,random destip*#
2,2020-12-01 00:12:21,2020-12-01 00:20:05,6,.55,1,N,41,74,2,5,0.5,0.5,0,0,0.3,6.3,0,random destip*#
2,2020-12-01 00:09:09,2020-12-01 00:25:10,4,4.09,1,N,137,239,1,15,0.5,0.5,3.76,0,0.3,22.56,2.5,random destip*#
2,2020-12-01 00:40:06,2020-12-01 01:05:42,6,18.78,2,N,132,114,1,52,0,0.5,13.82,0,0.3,69.12,2.5,random destip*#
2,2020-12-01 00:20:47,2020-12-01 00:33:57,1,4.96,1,N,75,7,1,15.5,0.5,0.5,0,0,0.3,19.3,2.5,random destip*#
2,2020-12-01 00:20:21,2020-12-01 00:34:41,1,5.13,1,N,170,260,2,16.5,0.5,0.5,0,0,0.3,20.3,2.5,random destip*#
2,2020-12-01 00:16:42,2020-12-01 00:48:28,1,10.50,1,N,138,114,1,31.5,0.5,0.5,10.59,0,0.3,45.89,2.5,random destip*#
1,2020-12-01 00:43:56,2020-12-01 00:59:45,1,6.90,1,N,132,197,2,21.5,0.5,0.5,0,0,0.3,22.8,0,random destip*#
1,2020-12-01 00:07:50,2020-12-01 00:13:30,1,2.50,1,N,233,263,2,8.5,3,0.5,0,0,0.3,12.3,2.5,random destip*#
1,2020-12-01 00:56:41,2020-12-01 01:02:57,1,1.60,1,N,230,141,1,7.5,3,0.5,2.25,0,0.3,13.55,2.5,random destip*#
2,2020-12-01 00:54:45,2020-12-01 01:01:28,4,3.20,1,N,132,10,1,10.5,0.5,0.5,2.95,0,0.3,14.75,0,random destip*#
1,2020-12-01 00:17:14,2020-12-01 00:24:26,1,1.50,1,N,166,238,1,7.5,3,0.5,1,0,0.3,12.3,2.5,random destip*#
2,2020-12-01 00:37:15,2020-12-01 00:42:39,1,1.39,1,N,229,262,2,6.5,0.5,0.5,0,0,0.3,10.3,2.5,random destip*#
2,2020-12-01 00:47:28,2020-12-01 00:55:37,1,2.94,1,N,140,107,2,10.5,0.5,0.5,0,0,0.3,14.3,2.5,random destip*#
1,2020-12-01 00:43:06,2020-12-01 00:52:45,2,3.50,1,N,132,10,1,12.5,0.5,0.5,0,0,0.3,13.8,0,random destip*#
2,2020-12-01 00:33:32,2020-12-01 00:38:07,1,.77,1,N,68,234,1,5.5,0.5,0.5,1.5,0,0.3,10.8,2.5,random destip*#
2,2020-11-30 23:59:22,2020-12-01 00:13:53,2,4.48,1,N,87,68,1,15,0.5,0.5,2,0,0.3,20.8,2.5,random destip*#
2,2020-12-01 00:47:29,2020-12-01 00:51:53,2,1.43,1,N,162,107,1,6,0.5,0.5,1.96,0,0.3,11.76,2.5,random destip*#
2,2020-12-01 00:31:04,2020-12-01 00:38:21,1,2.25,1,N,263,74,2,8.5,0.5,0.5,0,0,0.3,12.3,2.5,random destip*#
2,2020-11-30 23:49:37,2020-11-30 23:59:04,1,2.56,1,N,262,151,1,10,0.5,0.5,2,0,0.3,15.8,2.5,random destip*#
2,2020-12-01 00:04:47,2020-12-01 00:08:47,1,1.05,1,N,238,24,1,5.5,0.5,0.5,2.04,0,0.3,8.84,0,random destip*#
2,2020-12-01 00:21:56,2020-12-01 00:39:04,1,8.46,1,N,231,193,2,24.5,0.5,0.5,0,0,0.3,28.3,2.5,random destip*#
1,2020-12-01 00:31:03,2020-12-01 00:39:47,1,1.70,1,N,249,231,1,8.5,3,0.5,2.45,0,0.3,14.75,2.5,random destip*#
1,2020-12-01 00:44:53,2020-12-01 00:56:32,1,4.20,1,N,125,142,1,13.5,3,0.5,3.45,0,0.3,20.75,2.5,random destip*#
2,2020-12-01 00:23:04,2020-12-01 00:45:51,3,17.76,2,N,132,162,1,52,0,0.5,10.8,6.12,0.3,72.22,2.5,random destip*#
1,2020-12-01 00:41:35,2020-12-01 00:52:03,1,2.40,1,N,161,143,1,10,3,0.5,2.75,0,0.3,16.55,2.5,random destip*#
1,2020-12-01 00:57:28,2020-12-01 01:16:25,1,5.10,1,N,143,168,2,18,3,0.5,0,0,0.3,21.8,2.5,random destip*#
2,2020-12-01 00:12:06,2020-12-01 00:37:49,1,11.21,1,N,48,89,4,-32,-0.5,-0.5,0,0,-0.3,-35.8,-2.5,random destip*#
2,2020-12-01 00:12:06,2020-12-01 00:37:49,1,11.21,1,N,48,188,2,32,0.5,0.5,0,0,0.3,35.8,2.5,random destip*#
2,2020-12-01 00:43:56,2020-12-01 01:05:51,2,16.77,2,N,132,170,1,52,0,0.5,10,6.12,0.3,71.42,2.5,random destip*#
2,2020-12-01 00:24:15,2020-12-01 00:27:34,1,.80,1,N,234,90,1,5,0.5,0.5,1.76,0,0.3,10.56,2.5,random destip*#
2,2020-12-01 00:53:14,2020-12-01 00:59:37,1,1.52,1,N,230,143,1,7.5,0.5,0.5,2.26,0,0.3,13.56,2.5,random destip*#
2,2020-12-01 00:17:15,2020-12-01 00:38:57,1,3.56,1,N,68,232,2,16.5,0.5,0.5,0,0,0.3,20.3,2.5,random destip*#
2,2020-12-01 00:45:58,2020-12-01 00:58:43,1,3.83,1,N,79,48,1,13.5,0.5,0.5,2.7,0,0.3,20,2.5,random destip*#
1,2020-12-01 00:00:26,2020-12-01 00:07:25,1,2.90,1,N,137,262,1,9.5,3,0.5,2.66,0,0.3,15.96,2.5,random destip*#
1,2020-12-01 00:03:45,2020-12-01 00:20:00,1,6.90,1,N,170,168,2,20.5,3,0.5,0,0,0.3,24.3,2.5,random destip*#
1,2020-12-01 00:06:04,2020-12-01 00:23:52,1,10.30,1,N,138,162,2,30,3,0.5,0,6.12,0.3,39.92,2.5,random destip*#
2,2020-11-30 23:36:21,2020-11-30 23:57:45,1,10.07,1,N,138,142,1,29.5,0.5,0.5,7.88,6.12,0.3,47.3,2.5,random destip*#
2,2020-12-01 00:05:26,2020-12-01 00:20:47,1,4.29,1,N,142,231,1,15,0.5,0.5,3.76,0,0.3,22.56,2.5,random destip*#
1,2020-12-01 00:34:03,2020-12-01 00:53:37,1,4.30,1,N,186,232,2,16.5,3,0.5,0,0,0.3,20.3,2.5,random destip*#
2,2020-12-01 00:40:14,2020-12-01 00:41:19,1,.34,1,N,236,263,2,3,0.5,0.5,0,0,0.3,6.8,2.5,random destip*#
2,2020-12-01 00:49:41,2020-12-01 00:54:02,1,1.18,1,N,162,164,1,6,0.5,0.5,1.96,0,0.3,11.76,2.5,random destip*#
2,2020-12-01 00:08:49,2020-12-01 00:17:26,1,2.71,1,N,142,166,1,10,0.5,0.5,2.76,0,0.3,16.56,2.5,random destip*#
1,2020-12-01 00:27:13,2020-12-01 00:37:42,0,1.20,1,N,107,107,1,8.5,3,0.5,3.05,0,0.3,15.35,2.5,random destip*#
2,2020-12-01 00:36:36,2020-12-01 00:43:14,5,2.87,1,N,162,75,1,9.5,0.5,0.5,1,0,0.3,14.3,2.5,random destip*#
2,2020-12-01 00:47:08,2020-12-01 00:50:35,5,1.31,1,N,236,141,1,6,0.5,0.5,1.96,0,0.3,11.76,2.5,random destip*#
2,2020-12-01 00:32:41,2020-12-01 00:38:20,3,1.88,1,N,161,68,1,7.5,0.5,0.5,2.26,0,0.3,13.56,2.5,random destip*#
2,2020-12-01 00:38:53,2020-12-01 00:45:58,1,1.56,1,N,140,236,2,7.5,0.5,0.5,0,0,0.3,11.3,2.5,random destip*#
2,2020-12-01 00:32:09,2020-12-01 00:57:15,1,17.34,2,N,132,229,1,52,0,0.5,12.28,6.12,0.3,73.7,2.5,random destip*#
2,2020-12-01 00:26:05,2020-12-01 00:29:13,1,.60,1,N,170,233,1,4.5,0.5,0.5,2,0,0.3,10.3,2.5,random destip*#
1,2020-12-01 00:21:57,2020-12-01 00:26:11,1,.90,1,N,249,90,1,5.5,3,0.5,1.85,0,0.3,11.15,2.5,random destip*#
1,2020-12-01 00:46:51,2020-12-01 00:55:00,1,2.00,1,N,137,230,1,8.5,3,0.5,3.05,0,0.3,15.35,2.5,random destip*#
2,2020-11-30 23:56:03,2020-11-30 23:59:31,1,.59,1,N,48,50,2,4.5,0.5,0.5,0,0,0.3,8.3,2.5,random destip*#
1,2020-12-01 00:59:39,2020-12-01 01:22:52,2,5.60,1,N,264,147,2,20,3,0.5,0,0,0.3,23.8,2.5,random destip*#
1,2020-12-01 00:55:23,2020-12-01 01:29:19,1,.00,1,N,42,76,1,42.2,0,0.5,0,6.12,0.3,49.12,0,random destip*#
2,2020-12-01 00:07:50,2020-12-01 00:16:17,1,1.82,1,N,142,141,1,8.5,0.5,0.5,2,0,0.3,14.3,2.5,random destip*#
2,2020-12-01 00:54:38,2020-12-01 00:56:27,1,.24,1,N,236,75,2,3.5,0.5,0.5,0,0,0.3,4.8,0,random destip*#
2,2020-12-01 00:04:38,2020-12-01 00:13:29,1,2.24,1,N,114,170,2,9,0.5,0.5,0,0,0.3,12.8,2.5,random destip*#
2,2020-12-01 00:31:06,2020-12-01 00:38:45,2,3.18,1,N,229,74,2,10.5,0.5,0.5,0,0,0.3,14.3,2.5,random destip*#
2,2020-12-01 00:22:20,2020-12-01 00:23:52,1,.33,1,N,116,152,2,3.5,0.5,0.5,0,0,0.3,4.8,0,random destip*#
2,2020-12-01 00:34:36,2020-12-01 00:37:23,1,1.22,1,N,50,246,2,5.5,0.5,0.5,0,0,0.3,9.3,2.5,random destip*#
2,2020-12-01 00:24:44,2020-12-01 00:26:25,3,.65,1,N,90,249,1,4,0.5,0.5,1,0,0.3,8.8,2.5,random destip*#
2,2020-12-01 00:43:45,2020-12-01 00:58:01,1,7.90,1,N,132,86,1,23,0.5,0.5,4.86,0,0.3,29.16,0,random destip*#
2,2020-12-01 00:10:29,2020-12-01 00:27:04,3,4.49,1,N,237,223,2,16.5,0.5,0.5,0,0,0.3,20.3,2.5,random destip*#
2,2020-12-01 00:51:14,2020-12-01 01:14:25,3,13.70,1,N,79,220,2,38,0.5,0.5,0,0,0.3,41.8,2.5,random destip*#
1,2020-12-01 00:26:55,2020-12-01 00:40:40,1,9.40,1,N,138,10,1,26,0.5,0.5,3,0,0.3,30.3,0,random destip*#
2,2020-12-01 00:17:42,2020-12-01 00:23:01,1,2.37,1,N,170,263,2,8,0.5,0.5,0,0,0.3,11.8,2.5,random destip*#
2,2020-12-01 00:45:55,2020-12-01 01:12:02,2,18.44,2,N,132,79,2,52,0,0.5,0,0,0.3,55.3,2.5,random destip*#
2,2020-11-30 23:43:05,2020-11-30 23:50:07,1,2.07,1,N,170,158,1,8.5,0.5,0.5,2.46,0,0.3,14.76,2.5,random destip*#
2,2020-11-30 23:59:33,2020-12-01 00:09:32,1,2.00,1,N,231,79,2,9,0.5,0.5,0,0,0.3,12.8,2.5,random destip*#
2,2020-12-01 00:05:58,2020-12-01 00:30:40,6,7.48,1,N,141,140,1,27,0.5,0.5,2,0,0.3,32.8,2.5,random destip*#
1,2020-12-01 00:00:33,2020-12-01 00:06:01,2,1.20,1,Y,142,239,1,6.5,3,0.5,2.55,0,0.3,12.85,2.5,random destip*#
1,2020-12-01 00:29:23,2020-12-01 00:35:21,1,1.70,1,N,233,224,2,7,3,0.5,0,0,0.3,10.8,2.5,random destip*#
2,2020-12-01 00:25:03,2020-12-01 00:55:44,6,18.64,2,N,132,143,2,52,0,0.5,0,6.12,0.3,61.42,2.5,random destip*#
2,2020-12-01 00:39:09,2020-12-01 00:41:51,1,1.24,1,N,75,74,2,5.5,0.5,0.5,0,0,0.3,6.8,0,random destip*#
1,2020-12-01 00:19:41,2020-12-01 00:25:12,1,1.90,1,N,164,158,2,7.5,3,0.5,0,0,0.3,11.3,2.5,random destip*#
2,2020-12-01 00:34:19,2020-12-01 00:55:55,6,17.73,2,N,132,232,1,52,0,0.5,11.06,0,0.3,66.36,2.5,random destip*#
2,2020-12-01 00:58:32,2020-12-01 01:05:21,6,3.19,1,N,79,88,2,11,0.5,0.5,0,0,0.3,14.8,2.5,random destip*#
2,2020-12-01 00:31:21,2020-12-01 00:31:33,1,.00,2,N,137,137,1,52,0,0.5,12.28,6.12,0.3,73.7,2.5,random destip*#
2,2020-12-01 00:11:53,2020-12-01 00:30:34,2,10.36,1,N,138,79,2,29,0.5,0.5,0,0,0.3,32.8,2.5,random destip*#
2,2020-12-01 00:32:35,2020-12-01 00:45:25,2,5.20,1,N,79,236,1,17,0.5,0.5,4.16,0,0.3,24.96,2.5,random destip*#
1,2020-12-01 00:07:02,2020-12-01 00:11:23,1,.50,1,N,68,48,3,5,3,0.5,0,0,0.3,8.8,2.5,random destip*#
2,2020-12-01 00:33:42,2020-12-01 01:10:07,1,16.74,1,N,68,259,1,49,0.5,0.5,5,0,0.3,57.8,2.5,random destip*#
2,2020-12-01 00:00:05,2020-12-01 00:05:51,2,1.85,1,N,137,148,2,7.5,0.5,0.5,0,0,0.3,11.3,2.5,random destip*#
2,2020-12-01 00:34:58,2020-12-01 00:40:41,2,1.68,1,N,75,238,1,7,0.5,0.5,1.66,0,0.3,9.96,0,random destip*#
2,2020-12-01 00:04:31,2020-12-01 00:09:01,2,.77,1,N,166,166,2,5.5,0.5,0.5,0,0,0.3,6.8,0,random destip*#
2,2020-12-01 00:12:10,2020-12-01 00:13:47,2,.29,1,N,42,42,1,3.5,0.5,0.5,0.48,0,0.3,5.28,0,random destip*#
2,2020-12-01 00:26:29,2020-12-01 00:27:54,1,.57,1,N,164,100,2,3.5,0.5,0.5,0,0,0.3,7.3,2.5,random destip*#
2,2020-12-01 00:05:21,2020-12-01 00:15:57,1,3.68,1,N,236,50,1,12.5,0.5,0.5,3.26,0,0.3,19.56,2.5,random destip*#
2,2020-12-01 00:28:13,2020-12-01 00:31:10,1,1.00,1,N,229,140,2,5,0.5,0.5,0,0,0.3,8.8,2.5,random destip*#
2,2020-12-01 00:32:45,2020-12-01 00:32:53,1,.00,5,N,140,140,1,5,0,0.5,1.66,0,0.3,9.96,2.5,random destip*#
2,2020-12-01 00:39:23,2020-12-01 00:46:09,1,1.98,1,N,263,238,2,8.5,0.5,0.5,0,0,0.3,12.3,2.5,random destip*#
1,2020-12-01 00:04:50,2020-12-01 00:08:27,2,1.30,1,N,48,186,1,5.5,3,0.5,1.85,0,0.3,11.15,2.5,random destip*#
1,2020-12-01 00:11:53,2020-12-01 00:16:24,1,1.40,1,N,186,162,1,6.5,3,0.5,0,0,0.3,10.3,2.5,random destip*#
1,2020-12-01 00:41:46,2020-12-01 00:48:34,1,3.10,1,N,161,151,1,10.5,3,0.5,1.75,0,0.3,16.05,2.5,random destip*#
2,2020-12-01 00:47:32,2020-12-01 00:49:27,1,.52,1,N,79,4,1,3.5,0.5,0.5,4,0,0.3,11.3,2.5,random destip*#
1,2020-12-01 00:52:56,2020-12-01 00:59:01,2,2.20,1,N,246,239,2,8.5,3,0.5,0,0,0.3,12.3,2.5,random destip*#
1,2020-12-01 00:27:02,2020-12-01 00:32:24,1,1.20,1,N,233,164,1,6,3,0.5,1.95,0,0.3,11.75,2.5,random destip*#
2,2020-11-30 13:23:38,2020-12-01 12:44:12,1,8.64,1,N,138,116,1,26.5,0.5,0.5,4,6.12,0.3,37.92,0,random destip*#
2,2020-12-01 00:08:02,2020-12-01 00:15:23,1,3.34,1,N,50,24,1,10.5,0.5,0.5,1.43,0,0.3,15.73,2.5,random destip*#
2,2020-12-01 00:34:44,2020-12-01 00:37:41,6,.69,1,N,79,114,1,4.5,0.5,0.5,1,0,0.3,9.3,2.5,random destip*#
2,2020-12-01 00:21:04,2020-12-01 00:26:10,1,1.18,1,N,90,114,1,6,0.5,0.5,0.98,0,0.3,10.78,2.5,random destip*#
1,2020-12-01 00:02:02,2020-12-01 00:27:26,1,.00,1,N,255,197,1,37.03,0,0.5,0,0,0.3,37.83,0,random destip*#
2,2020-12-01 00:41:17,2020-12-01 00:52:28,1,6.83,1,N,138,74,1,20,0.5,0.5,8.23,6.12,0.3,35.65,0,random destip*#
2,2020-12-01 00:27:01,2020-12-01 00:32:02,2,1.42,1,N,237,170,1,6.5,0.5,0.5,1,0,0.3,11.3,2.5,random destip*#
2,2020-12-01 00:03:18,2020-12-01 00:24:22,2,12.33,1,N,141,131,1,34.5,0.5,0.5,4,0,0.3,42.3,2.5,random destip*#
1,2020-12-01 00:29:30,2020-12-01 00:34:11,0,1.70,1,N,141,75,2,6.5,3,0.5,0,0,0.3,10.3,2.5,random destip*#
2,2020-12-01 00:05:05,2020-12-01 00:10:29,1,1.26,1,N,79,107,2,6,0.5,0.5,0,0,0.3,9.8,2.5,random destip*#
2,2020-12-01 00:27:16,2020-12-01 00:29:22,2,.92,1,N,74,75,2,4.5,0.5,0.5,0,0,0.3,5.8,0,random destip*#
2,2020-12-01 00:57:52,2020-12-01 01:10:47,1,7.18,1,N,132,95,2,21.5,0.5,0.5,0,0,0.3,22.8,0,random destip*#
2,2020-12-01 00:13:28,2020-12-01 00:28:55,1,4.02,1,N,239,137,1,15,0.5,0.5,5.64,0,0.3,24.44,2.5,random destip*#
1,2020-12-01 00:26:54,2020-12-01 00:50:09,2,14.60,2,N,132,170,1,52,2.5,0.5,2,6.12,0.3,63.42,2.5,random destip*#
2,2020-12-01 00:34:24,2020-12-01 00:40:56,1,1.72,1,N,236,239,1,8,0.5,0.5,1.5,0,0.3,13.3,2.5,random destip*#
2,2020-12-01 00:27:24,2020-12-01 00:45:51,1,11.75,1,N,138,49,1,32.5,0.5,0.5,2,0,0.3,35.8,0,random destip*#
2,2020-12-01 00:06:51,2020-12-01 00:13:22,1,1.66,1,N,43,162,2,7,0.5,0.5,0,0,0.3,10.8,2.5,random destip*#
2,2020-12-01 00:18:13,2020-12-01 00:24:10,1,1.95,1,N,229,263,2,7.5,0.5,0.5,0,0,0.3,11.3,2.5,random destip*#
2,2020-12-01 00:11:10,2020-12-01 00:14:36,1,.97,1,N,238,166,2,5,0.5,0.5,0,0,0.3,8.8,2.5,random destip*#
1,2020-12-01 00:04:01,2020-12-01 00:29:24,0,18.00,2,Y,132,41,1,52,0,0.5,11,6.12,0.3,69.92,0,random destip*#
1,2020-12-01 00:43:09,2020-12-01 00:45:23,0,.60,1,N,238,239,2,4,3,0.5,0,0,0.3,7.8,2.5,random destip*#
2,2020-12-01 00:34:05,2020-12-01 00:42:47,3,2.22,1,N,186,143,1,9,0.5,0.5,0.5,0,0.3,13.3,2.5,random destip*#
1,2020-12-01 00:02:13,2020-12-01 00:23:05,1,4.00,1,N,263,226,2,17,3,0.5,0,0,0.3,20.8,2.5,random destip*#
2,2020-12-01 00:03:51,2020-12-01 00:13:34,5,2.75,1,N,230,107,2,10.5,0.5,0.5,0,0,0.3,14.3,2.5,random destip*#
2,2020-12-01 00:51:33,2020-12-01 00:52:47,4,.40,1,N,100,48,1,3.5,0.5,0.5,1.5,0,0.3,8.8,2.5,random destip*#
2,2020-12-01 00:08:21,2020-12-01 00:11:53,5,1.16,1,N,238,166,1,5.5,0.5,0.5,0,0,0.3,9.3,2.5,random destip*#
2,2020-12-01 00:03:09,2020-12-01 00:04:32,1,.64,1,N,68,186,1,4,0.5,0.5,1.56,0,0.3,9.36,2.5,random destip*#
2,2020-12-01 00:16:25,2020-12-01 00:21:03,1,.66,1,N,90,68,1,4,0.5,0.5,0,0,0.3,7.8,2.5,random destip*#
2,2020-12-01 00:41:58,2020-12-01 00:46:55,6,1.64,1,N,162,100,1,7,0.5,0.5,2.7,0,0.3,13.5,2.5,random destip*#
2,2020-12-01 00:38:01,2020-12-01 01:12:18,1,12.88,1,N,132,25,1,39.5,0.5,0.5,8.16,0,0.3,48.96,0,random destip*#
2,2020-12-01 00:23:20,2020-12-01 00:33:26,5,3.06,1,N,249,229,1,11,0.5,0.5,4.44,0,0.3,19.24,2.5,random destip*#
2,2020-12-01 00:22:55,2020-12-01 00:54:28,1,12.68,1,N,132,189,2,37,0.5,0.5,0,0,0.3,38.3,0,random destip*#
1,2020-12-01 00:10:59,2020-12-01 00:37:36,1,17.30,2,N,132,137,1,52,2.5,0.5,12.25,6.12,0.3,73.67,2.5,random destip*#
1,2020-12-01 00:41:53,2020-12-01 00:46:33,2,.70,1,N,162,161,2,5,3,0.5,0,0,0.3,8.8,2.5,random destip*#
2,2020-12-01 00:12:10,2020-12-01 00:31:29,2,6.98,1,N,234,37,2,21.5,0.5,0.5,0,0,0.3,25.3,2.5,random destip*#
1,2020-12-01 00:14:43,2020-12-01 00:27:37,1,8.10,1,N,132,121,1,23.5,0.5,0.5,4.95,0,0.3,29.75,0,random destip*#
1,2020-12-01 00:06:33,2020-12-01 00:13:48,2,1.30,1,N,186,246,1,7,3,0.5,2.15,0,0.3,12.95,2.5,random destip*#
1,2020-12-01 00:44:10,2020-12-01 00:49:18,1,.60,1,N,140,141,2,5,3,0.5,0,0,0.3,8.8,2.5,random destip*#
1,2020-12-01 00:22:54,2020-12-01 00:23:21,1,.00,5,N,243,243,1,35,0,0,0,0,0.3,35.3,0,random destip*#
1,2020-12-01 00:54:09,2020-12-01 01:07:35,1,4.60,1,N,186,75,1,15,3,0.5,0.2,0,0.3,19,2.5,random destip*#
2,2020-12-01 00:09:03,2020-12-01 00:36:43,1,19.46,2,N,132,236,1,52,0,0.5,12.28,6.12,0.3,73.7,2.5,random destip*#
2,2020-12-01 00:00:17,2020-12-01 00:09:23,1,2.05,1,N,68,114,1,9,0.5,0.5,3,0,0.3,15.8,2.5,random destip*#
2,2020-12-01 00:33:48,2020-12-01 00:36:43,1,.75,1,N,186,48,1,4.5,0.5,0.5,1.66,0,0.3,9.96,2.5,random destip*#
2,2020-12-01 00:42:17,2020-12-01 00:59:57,1,7.14,1,N,48,168,2,22.5,0.5,0.5,0,0,0.3,26.3,2.5,random destip*#
2,2020-12-01 00:27:52,2020-12-01 00:54:18,2,10.10,1,N,138,239,1,31.5,0.5,0.5,4,6.12,0.3,45.42,2.5,random destip*#
2,2020-12-01 00:31:05,2020-12-01 00:49:53,4,7.73,1,N,68,244,1,24.5,0.5,0.5,7.08,0,0.3,35.38,2.5,random destip*#
2,2020-12-01 00:21:14,2020-12-01 01:03:54,1,42.38,1,N,44,200,1,109,0.5,0.5,2.75,21,0.3,134.05,0,random destip*#
2,2020-12-01 00:11:59,2020-12-01 00:28:41,4,6.10,1,N,68,152,2,20,0.5,0.5,0,0,0.3,23.8,2.5,random destip*#
2,2020-12-01 00:36:32,2020-12-01 00:38:50,1,.48,1,N,138,70,1,4,0.5,0.5,1.59,0,0.3,6.89,0,random destip*#
1,2020-12-01 00:16:51,2020-12-01 00:48:03,1,12.00,1,N,140,188,1,35.5,3,0.5,7.85,0,0.3,47.15,2.5,random destip*#
2,2020-12-01 00:48:32,2020-12-01 01:06:32,6,10.02,1,N,145,130,1,28.5,0.5,0.5,0,0,0.3,29.8,0,random destip*#
2,2020-12-01 00:20:26,2020-12-01 00:29:42,1,2.31,1,N,263,163,1,9.5,0.5,0.5,2.66,0,0.3,15.96,2.5,random destip*#
2,2020-12-01 00:11:05,2020-12-01 00:14:14,1,.77,1,N,236,262,1,5,0.5,0.5,1.76,0,0.3,10.56,2.5,random destip*#
1,2020-12-01 00:28:28,2020-12-01 00:45:57,1,6.10,1,N,48,65,1,19,3,0.5,4.55,0,0.3,27.35,2.5,random destip*#
2,2020-12-01 00:17:44,2020-12-01 00:19:40,1,.55,1,N,148,79,2,4,0.5,0.5,0,0,0.3,7.8,2.5,random destip*#
2,2020-12-01 00:35:15,2020-12-01 00:37:35,2,.08,1,N,141,141,4,-3.5,-0.5,-0.5,0,0,-0.3,-7.3,-2.5,random destip*#
2,2020-12-01 00:35:15,2020-12-01 00:37:35,2,.08,1,N,141,141,2,3.5,0.5,0.5,0,0,0.3,7.3,2.5,random destip*#
1,2020-12-01 00:50:34,2020-12-01 00:54:35,2,1.10,1,N,186,48,1,5.5,3,0.5,2.75,0,0.3,12.05,2.5,random destip*#
1,2020-12-01 00:29:58,2020-12-01 00:46:14,1,9.00,1,N,138,141,1,25.5,3,0.5,5.31,6.12,0.3,40.73,2.5,random destip*#
1,2020-12-01 00:37:52,2020-12-01 01:04:36,0,20.10,2,N,132,209,1,52,2.5,0.5,11.05,0,0.3,66.35,2.5,random destip*#
1,2020-12-01 00:03:03,2020-12-01 00:06:26,1,.50,1,N,186,100,1,4.5,3,0.5,0,0,0.3,8.3,2.5,random destip*#
1,2020-12-01 00:07:45,2020-12-01 00:17:27,1,2.40,1,N,100,141,1,9.5,3,0.5,2.65,0,0.3,15.95,2.5,random destip*#
2,2020-12-01 00:08:04,2020-12-01 00:28:24,2,5.16,1,N,48,74,1,19,0.5,0.5,4.56,0,0.3,27.36,2.5,random destip*#
2,2020-12-01 00:40:16,2020-12-01 00:42:39,1,.80,1,N,263,236,3,-4.5,-0.5,-0.5,0,0,-0.3,-8.3,-2.5,random destip*#
2,2020-12-01 00:40:16,2020-12-01 00:42:39,1,.80,1,N,263,236,2,4.5,0.5,0.5,0,0,0.3,8.3,2.5,random destip*#
2,2020-12-01 00:27:12,2020-12-01 00:35:20,1,2.09,1,N,186,79,2,8.5,0.5,0.5,0,0,0.3,12.3,2.5,random destip*#
2,2020-12-01 00:21:08,2020-12-01 00:22:52,3,.53,1,N,263,236,1,3.5,0.5,0.5,1.46,0,0.3,8.76,2.5,random destip*#
1,2020-12-01 00:16:53,2020-12-01 00:30:34,2,11.60,1,N,138,232,1,32,3,0.5,10.7,0,0.3,46.5,2.5,random destip*#
2,2020-12-01 00:40:17,2020-12-01 00:53:55,1,6.74,2,N,223,262,1,52,0,0.5,12.28,6.12,0.3,73.7,2.5,random destip*#
2,2020-12-01 00:26:32,2020-12-01 00:28:02,2,.23,1,N,238,238,1,3,0.5,0.5,1.36,0,0.3,8.16,2.5,random destip*#
2,2020-12-01 00:26:09,2020-12-01 00:27:08,1,.00,5,N,90,90,1,10,0,0.5,1,0,0.3,11.8,0,random destip*#
2,2020-12-01 00:34:53,2020-12-01 00:37:57,1,1.12,1,N,164,230,2,5.5,0.5,0.5,0,0,0.3,9.3,2.5,random destip*#
2,2020-11-30 23:56:29,2020-12-01 00:00:38,1,1.51,1,N,107,170,1,6,0.5,0.5,1,0,0.3,10.8,2.5,random destip*#
2,2020-12-01 00:33:16,2020-12-01 00:40:12,1,1.68,1,N,263,74,1,7.5,0.5,0.5,3.39,0,0.3,14.69,2.5,random destip*#
2,2020-12-01 00:14:49,2020-12-01 00:42:46,1,18.26,2,N,132,48,1,52,0,0.5,12.28,6.12,0.3,73.7,2.5,random destip*#
2,2020-12-01 00:29:55,2020-12-01 00:38:56,1,2.01,1,N,48,141,1,9,0.5,0.5,1.5,0,0.3,14.3,2.5,random destip*#
2,2020-11-30 23:57:20,2020-12-01 00:03:38,3,1.40,1,N,263,75,2,7,0.5,0.5,0,0,0.3,10.8,2.5,random destip*#
2,2020-12-01 00:14:01,2020-12-01 00:17:38,2,.75,1,N,141,263,2,4.5,0.5,0.5,0,0,0.3,8.3,2.5,random destip*#
2,2020-12-01 00:48:45,2020-12-01 01:03:12,2,8.74,1,N,137,244,1,24.5,0.5,0.5,4,0,0.3,32.3,2.5,random destip*#
2,2020-12-01 00:35:54,2020-12-01 00:43:10,2,1.43,1,N,107,4,2,7.5,0.5,0.5,0,0,0.3,11.3,2.5,random destip*#
1,2020-12-01 00:00:11,2020-12-01 00:11:48,0,3.70,1,N,263,234,1,12.5,3,0.5,3.25,0,0.3,19.55,2.5,random destip*#
2,2020-12-01 00:32:03,2020-12-01 00:43:57,1,4.21,1,N,234,75,2,13.5,0.5,0.5,0,0,0.3,17.3,2.5,random destip*#
1,2020-12-01 00:13:34,2020-12-01 00:39:26,1,.00,1,N,226,219,1,36.2,0,0.5,0,0,0.3,37,0,random destip*#
2,2020-11-30 18:31:24,2020-11-30 18:47:21,1,9.13,1,N,138,79,2,26.5,0.5,0.5,0,0,0.3,30.3,2.5,random destip*#
1,2020-12-01 00:05:58,2020-12-01 00:42:59,2,29.00,1,N,132,200,1,76,0.5,0.5,20.85,6.12,0.3,104.27,0,random destip*#
2,2020-12-01 00:49:04,2020-12-01 01:00:54,1,2.31,1,N,263,41,2,10.5,0.5,0.5,0,0,0.3,14.3,2.5,random destip*#
1,2020-12-01 00:00:13,2020-12-01 00:08:18,1,1.80,1,N,162,141,1,8.5,3,0.5,3.05,0,0.3,15.35,2.5,random destip*#
2,2020-12-01 00:29:30,2020-12-01 00:30:36,1,.33,1,N,161,230,1,3,0.5,0.5,1.36,0,0.3,8.16,2.5,random destip*#
2,2020-12-01 00:37:15,2020-12-01 00:46:16,1,2.34,1,N,100,113,1,9.5,0.5,0.5,2.66,0,0.3,15.96,2.5,random destip*#
1,2020-12-01 00:28:34,2020-12-01 00:51:05,1,6.40,1,N,142,82,2,22.5,3,0.5,0,0,0.3,26.3,2.5,random destip*#
2,2020-12-01 00:13:54,2020-12-01 00:31:21,1,10.13,1,N,138,224,1,28.5,0.5,0.5,7.68,6.12,0.3,46.1,2.5,random destip*#
2,2020-12-01 00:15:11,2020-12-01 00:18:59,1,.96,1,N,48,186,2,5,0.5,0.5,0,0,0.3,8.8,2.5,random destip*#
1,2020-12-01 00:10:38,2020-12-01 00:34:09,1,14.50,1,N,132,37,1,40,0.5,0.5,8,0,0.3,49.3,0,random destip*#
1,2020-12-01 00:15:06,2020-12-01 00:37:11,1,20.30,1,N,132,81,1,53.5,0.5,0.5,5,6.12,0.3,65.92,0,random destip*#
1,2020-12-01 00:38:20,2020-12-01 00:56:29,0,13.20,1,N,132,260,1,36.5,0.5,0.5,7.55,0,0.3,45.35,0,random destip*#
1,2020-12-01 00:20:36,2020-12-01 00:32:20,1,3.80,1,N,162,7,1,13,3,0.5,4.2,0,0.3,21,2.5,random destip*#
2,2020-12-01 00:03:39,2020-12-01 00:07:56,5,1.65,1,N,137,141,1,6.5,0.5,0.5,2,0,0.3,12.3,2.5,random destip*#
2,2020-12-01 00:16:16,2020-12-01 00:41:28,1,20.07,2,N,132,140,1,52,0,0.5,12.28,6.12,0.3,73.7,2.5,random destip*#
2,2020-12-01 00:44:44,2020-12-01 01:16:30,2,10.02,1,N,238,129,1,32,0.5,0.5,0,0,0.3,35.8,2.5,random destip*#
2,2020-12-01 00:31:20,2020-12-01 00:41:21,1,1.93,1,N,229,142,2,9,0.5,0.5,0,0,0.3,12.8,2.5,random destip*#
2,2020-12-01 00:11:06,2020-12-01 00:38:20,1,19.77,1,N,132,20,2,53,0.5,0.5,0,6.12,0.3,60.42,0,random destip*#
2,2020-12-01 00:33:04,2020-12-01 00:45:58,1,7.16,1,N,132,76,2,21,0.5,0.5,0,0,0.3,22.3,0,random destip*#
2,2020-12-01 00:23:43,2020-12-01 00:29:50,1,1.72,1,N,229,262,1,7.5,0.5,0.5,2.26,0,0.3,13.56,2.5,random destip*#
2,2020-12-01 00:34:48,2020-12-01 01:03:41,1,21.40,1,N,138,89,1,57,0.5,0.5,8,0,0.3,66.3,0,random destip*#
1,2020-12-01 00:29:43,2020-12-01 00:44:00,1,6.30,1,N,138,95,2,19.5,0.5,0.5,0,0,0.3,20.8,0,random destip*#
2,2020-12-01 00:39:01,2020-12-01 00:50:49,1,6.64,1,N,132,124,1,19.5,0.5,0.5,4.16,0,0.3,24.96,0,random destip*#
2,2020-12-01 00:06:53,2020-12-01 00:38:12,1,17.30,4,N,186,265,2,53.5,0.5,0.5,0,2.8,0.3,60.1,2.5,random destip*#
2,2020-12-01 00:59:27,2020-12-01 01:03:34,1,1.38,1,N,141,229,1,6,0.5,0.5,1.96,0,0.3,11.76,2.5,random destip*#
2,2020-12-01 00:09:13,2020-12-01 00:29:56,1,10.75,1,N,264,219,2,32,0.5,0.5,0,0,0.3,33.3,0,random destip*#
2,2020-12-01 00:23:49,2020-12-01 00:38:28,1,8.44,1,N,132,121,1,24.5,0.5,0.5,3,0,0.3,28.8,0,random destip*#
2,2020-12-01 00:14:04,2020-12-01 00:18:14,1,.45,1,N,107,107,4,-4.5,-0.5,-0.5,0,0,-0.3,-8.3,-2.5,random destip*#
2,2020-12-01 00:14:04,2020-12-01 00:18:14,1,.45,1,N,107,107,2,4.5,0.5,0.5,0,0,0.3,8.3,2.5,random destip*#
2,2020-12-01 00:36:33,2020-12-01 00:41:36,1,2.10,1,N,263,233,1,7.5,0.5,0.5,1,0,0.3,12.3,2.5,random destip*#
2,2020-12-01 00:27:59,2020-12-01 00:42:04,1,2.84,1,N,48,151,2,12.5,0.5,0.5,0,0,0.3,16.3,2.5,random destip*#
1,2020-12-01 00:32:51,2020-12-01 00:54:47,1,14.20,1,N,132,7,2,39.5,0.5,0.5,0,0,0.3,40.8,0,random destip*#
2,2020-12-01 00:56:02,2020-12-01 01:23:42,2,10.10,1,N,132,95,1,31.5,0.5,0.5,6.56,0,0.3,39.36,0,random destip*#
2,2020-12-01 00:53:01,2020-12-01 01:07:39,1,6.11,1,N,100,41,1,19.5,0.5,0.5,1,0,0.3,24.3,2.5,random destip*#
2,2020-12-01 00:49:37,2020-12-01 01:18:04,1,18.12,2,N,132,41,1,52,0,0.5,9,6.12,0.3,67.92,0,random destip*#
1,2020-12-01 00:16:46,2020-12-01 00:23:45,2,1.50,1,N,138,129,1,7,0.5,0.5,1.65,0,0.3,9.95,0,random destip*#
1,2020-12-01 00:29:24,2020-12-01 00:48:29,1,11.70,1,Y,138,137,1,32.5,3,0.5,10,6.12,0.3,52.42,2.5,random destip*#
2,2020-12-01 00:47:19,2020-12-01 00:49:49,1,.50,1,N,237,237,1,4,0.5,0.5,1.95,0,0.3,9.75,2.5,random destip*#
2,2020-12-01 00:38:26,2020-12-01 00:47:13,1,3.21,1,N,138,7,1,11.5,0.5,0.5,2.56,0,0.3,15.36,0,random destip*#
2,2020-12-01 00:31:13,2020-12-01 00:57:54,1,16.15,1,N,132,123,2,44,0.5,0.5,0,0,0.3,45.3,0,random destip*#
2,2020-12-01 00:43:33,2020-12-01 01:06:00,1,18.36,1,N,132,112,1,49,0.5,0.5,12.57,0,0.3,62.87,0,random destip*#
2,2020-11-30 23:56:55,2020-12-01 00:04:14,1,3.77,1,N,138,7,1,12,0.5,0.5,3.32,0,0.3,16.62,0,random destip*#
1,2020-12-01 00:08:52,2020-12-01 00:20:20,1,3.10,1,N,48,48,1,11.5,3,0.5,3.05,0,0.3,18.35,2.5,random destip*#
2,2020-12-01 00:36:56,2020-12-01 00:59:38,2,16.76,1,N,132,255,1,45,0.5,0.5,7.87,0,0.3,54.17,0,random destip*#
1,2020-12-01 00:24:59,2020-12-01 00:44:39,1,7.80,1,N,237,13,1,24,3,0.5,5.55,0,0.3,33.35,2.5,random destip*#
2,2020-12-01 00:12:55,2020-12-01 00:15:26,1,.71,1,N,48,50,2,4.5,0.5,0.5,0,0,0.3,8.3,2.5,random destip*#
2,2020-12-01 01:36:40,2020-12-01 01:45:22,1,2.74,1,N,238,116,2,9.5,0.5,0.5,0,0,0.3,10.8,0,random destip*#
2,2020-12-01 01:27:47,2020-12-01 01:50:01,1,11.97,1,N,87,244,1,34.5,0.5,0.5,11.49,0,0.3,49.79,2.5,random destip*#
2,2020-12-01 01:01:02,2020-12-01 01:22:00,3,5.62,1,N,107,188,1,20,0.5,0.5,4.76,0,0.3,28.56,2.5,random destip*#
2,2020-12-01 01:16:41,2020-12-01 01:20:56,1,1.03,1,N,239,142,1,5.5,0.5,0.5,1,0,0.3,10.3,2.5,random destip*#
2,2020-12-01 01:52:58,2020-12-01 01:59:51,3,2.04,1,N,239,43,2,8.5,0.5,0.5,0,0,0.3,12.3,2.5,random destip*#
2,2020-12-01 01:57:05,2020-12-01 02:02:58,1,3.77,1,N,132,219,2,12,0.5,0.5,0,0,0.3,13.3,0,random destip*#
1,2020-12-01 01:04:19,2020-12-01 01:31:59,1,19.10,2,N,132,113,1,52,2.5,0.5,11.05,0,0.3,66.35,2.5,random destip*#
1,2020-12-01 01:37:33,2020-12-01 01:45:33,1,1.80,1,N,79,186,1,8,3,0.5,0,0,0.3,11.8,2.5,random destip*#
2,2020-12-01 01:01:08,2020-12-01 01:24:43,4,11.48,1,N,132,129,1,34,0.5,0.5,7.06,0,0.3,42.36,0,random destip*#
1,2020-12-01 01:57:31,2020-12-01 02:18:14,2,11.70,1,N,138,164,1,32.5,3,0.5,5,6.12,0.3,47.42,2.5,random destip*#
2,2020-12-01 01:07:25,2020-12-01 01:31:55,1,21.78,1,N,132,213,1,57,0.5,0.5,5,6.12,0.3,69.42,0,random destip*#
1,2020-12-01 01:00:00,2020-12-01 01:04:43,1,1.40,1,N,137,79,1,6,3,0.5,1.47,0,0.3,11.27,2.5,random destip*#
2,2020-12-01 01:52:56,2020-12-01 02:04:53,1,6.35,1,N,132,76,1,18.5,0.5,0.5,0,0,0.3,19.8,0,random destip*#
2,2020-12-01 01:31:06,2020-12-01 01:40:58,1,1.35,1,N,239,142,2,8.5,0.5,0.5,0,0,0.3,12.3,2.5,random destip*#
2,2020-12-01 01:07:00,2020-12-01 01:12:00,1,1.39,1,N,237,233,1,6.5,0.5,0.5,2.06,0,0.3,12.36,2.5,random destip*#
2,2020-12-01 01:15:14,2020-12-01 01:45:33,1,9.34,1,N,162,134,2,30.5,0.5,0.5,0,0,0.3,34.3,2.5,random destip*#
2,2020-12-01 01:06:58,2020-12-01 01:12:21,1,1.33,1,N,236,75,2,6.5,0.5,0.5,0,0,0.3,10.3,2.5,random destip*#
2,2020-12-01 01:30:56,2020-12-01 01:48:39,1,6.31,1,N,141,244,1,20.5,0.5,0.5,4.86,0,0.3,29.16,2.5,random destip*#
2,2020-12-01 01:19:07,2020-12-01 01:33:19,1,4.55,1,N,186,75,1,15,0.5,0.5,3.76,0,0.3,22.56,2.5,random destip*#
2,2020-12-01 01:56:12,2020-12-01 02:01:51,1,1.76,1,N,186,142,1,7,0.5,0.5,2.16,0,0.3,12.96,2.5,random destip*#
1,2020-12-01 01:49:50,2020-12-01 01:54:56,1,1.00,1,N,148,114,1,6,3,0.5,2.45,0,0.3,12.25,2.5,random destip*#
1,2020-12-01 01:33:43,2020-12-01 02:05:43,1,8.40,1,N,68,62,1,27.5,3,0.5,7.8,0,0.3,39.1,2.5,random destip*#
2,2020-12-01 01:07:58,2020-12-01 01:38:54,1,18.39,2,N,132,68,1,52,0,0.5,0,6.12,0.3,61.42,2.5,random destip*#
2,2020-12-01 00:59:20,2020-12-01 01:02:39,2,.90,1,N,249,68,2,5,0.5,0.5,0,0,0.3,8.8,2.5,random destip*#
2,2020-12-01 01:21:55,2020-12-01 01:28:33,1,.71,1,N,79,148,2,5.5,0.5,0.5,0,0,0.3,9.3,2.5,random destip*#
1,2020-12-01 01:42:57,2020-12-01 01:50:42,1,1.80,1,N,162,140,1,8.5,3,0.5,3.05,0,0.3,15.35,2.5,random destip*#
2,2020-12-01 01:15:42,2020-12-01 01:16:05,1,.02,2,N,152,152,1,52,0,0.5,11.78,6.12,0.3,70.7,0,random destip*#
2,2020-12-01 01:07:22,2020-12-01 01:07:38,1,.00,5,N,236,236,1,10,0,0.5,3.32,0,0.3,16.62,2.5,random destip*#
2,2020-12-01 01:44:22,2020-12-01 02:03:14,4,6.84,1,N,186,82,1,21.5,0.5,0.5,0,0,0.3,25.3,2.5,random destip*#
2,2020-12-01 01:24:54,2020-12-01 01:44:40,1,7.22,1,N,229,129,2,22.5,0.5,0.5,0,0,0.3,26.3,2.5,random destip*#
2,2020-12-01 01:59:11,2020-12-01 02:04:12,1,.08,5,N,173,173,2,50,0,0,0,0,0.3,50.3,0,random destip*#
2,2020-12-01 01:05:41,2020-12-01 01:24:50,1,5.55,1,N,140,152,2,19.5,0.5,0.5,0,0,0.3,23.3,2.5,random destip*#
2,2020-12-01 01:54:40,2020-12-01 01:54:55,1,8.30,5,N,68,68,1,35,0,0.5,6,0,0.3,44.3,2.5,random destip*#
2,2020-12-01 01:17:47,2020-12-01 01:51:38,2,23.11,1,N,132,14,2,61,0.5,0.5,0,0,0.3,62.3,0,random destip*#
1,2020-12-01 01:03:56,2020-12-01 01:08:49,1,1.60,1,N,237,75,1,7,3,0.5,2.15,0,0.3,12.95,2.5,random destip*#
1,2020-12-01 01:12:32,2020-12-01 01:19:45,1,2.00,1,N,75,42,2,8.5,0.5,0.5,0,0,0.3,9.8,0,random destip*#
1,2020-12-01 01:27:53,2020-12-01 01:34:53,1,.40,1,N,41,41,1,6.5,0.5,0.5,0,0,0.3,7.8,0,random destip*#
1,2020-12-01 01:40:53,2020-12-01 01:46:48,1,.40,1,N,42,42,3,5.5,0.5,0.5,0,0,0.3,6.8,0,random destip*#
1,2020-12-01 01:36:30,2020-12-01 01:48:13,1,5.00,1,N,48,166,2,16.5,3,0.5,0,0,0.3,20.3,2.5,random destip*#
1,2020-12-01 01:12:30,2020-12-01 01:17:42,1,1.70,1,N,151,239,2,7.5,3,0.5,0,0,0.3,11.3,2.5,random destip*#
1,2020-12-01 01:23:50,2020-12-01 01:33:10,1,2.70,1,N,238,42,1,10,3,0.5,0.08,0,0.3,13.88,2.5,random destip*#
1,2020-12-01 01:43:14,2020-12-01 01:54:15,1,3.80,1,N,74,167,1,14,0.5,0.5,0,0,0.3,15.3,0,random destip*#
1,2020-12-01 01:49:00,2020-12-01 02:12:35,1,8.90,1,N,132,265,1,27,0.5,0.5,15,0,0.3,43.3,0,random destip*#
2,2020-12-01 01:46:12,2020-12-01 01:51:21,1,1.09,1,N,163,140,1,6,0.5,0.5,1.96,0,0.3,11.76,2.5,random destip*#
2,2020-12-01 01:21:00,2020-12-01 01:23:39,1,.01,1,N,55,55,2,3.5,0.5,0.5,0,0,0.3,4.8,0,random destip*#
2,2020-12-01 01:24:04,2020-12-01 01:47:19,1,13.70,1,N,55,10,2,40.5,0.5,0.5,0,0,0.3,41.8,0,random destip*#
2,2020-12-01 01:57:37,2020-12-01 02:03:35,1,.03,1,N,10,10,2,5,0.5,0.5,0,0,0.3,6.3,0,random destip*#
1,2020-12-01 01:03:14,2020-12-01 01:19:45,1,5.30,1,N,142,4,1,18.5,3,0.5,4.45,0,0.3,26.75,2.5,random destip*#
2,2020-12-01 01:16:18,2020-12-01 01:21:35,2,2.21,1,N,45,52,1,8.5,0.5,0.5,2.46,0,0.3,14.76,2.5,random destip*#
2,2020-12-01 01:05:55,2020-12-01 01:16:26,1,5.01,1,N,48,152,1,16.5,0.5,0.5,4.06,0,0.3,24.36,2.5,random destip*#
2,2020-12-01 01:12:49,2020-12-01 01:16:38,1,.93,1,N,68,249,2,5,0.5,0.5,0,0,0.3,8.8,2.5,random destip*#
2,2020-12-01 01:20:41,2020-12-01 01:29:14,3,.74,1,N,114,211,2,7,0.5,0.5,0,0,0.3,10.8,2.5,random destip*#
1,2020-12-01 01:01:22,2020-12-01 01:25:03,1,9.20,1,N,87,152,2,28,3,0.5,0,0,0.3,31.8,2.5,random destip*#
1,2020-12-01 01:23:27,2020-12-01 01:41:39,1,3.20,1,N,75,116,1,15,0.5,0.5,3.25,0,0.3,19.55,0,random destip*#
2,2020-12-01 01:02:03,2020-12-01 01:24:16,1,10.51,1,N,132,36,1,30,0.5,0.5,3,0,0.3,34.3,0,random destip*#
1,2020-12-01 01:18:07,2020-12-01 01:24:03,1,1.40,1,N,140,161,2,7,3,0.5,0,0,0.3,10.8,2.5,random destip*#
1,2020-12-01 01:51:04,2020-12-01 01:54:36,1,1.50,1,N,90,230,1,6,3,0.5,1.95,0,0.3,11.75,2.5,random destip*#
2,2020-12-01 01:03:59,2020-12-01 01:17:23,1,4.07,1,N,143,42,2,13.5,0.5,0.5,0,0,0.3,17.3,2.5,random destip*#
1,2020-12-01 01:03:45,2020-12-01 01:08:40,1,1.70,1,N,148,137,2,7,3,0.5,0,0,0.3,10.8,2.5,random destip*#
1,2020-12-01 01:20:17,2020-12-01 01:30:59,1,3.40,1,N,186,263,1,11.5,3,0.5,3.05,0,0.3,18.35,2.5,random destip*#
2,2020-12-01 01:21:44,2020-12-01 01:31:39,1,2.24,1,N,186,224,1,9.5,0.5,0.5,2,0,0.3,15.3,2.5,random destip*#
2,2020-12-01 01:17:08,2020-12-01 01:19:37,5,.80,1,N,162,237,1,4.5,0.5,0.5,1.5,0,0.3,9.8,2.5,random destip*#
2,2020-12-01 01:25:56,2020-12-01 01:39:17,6,3.91,1,N,263,164,2,13.5,0.5,0.5,0,0,0.3,17.3,2.5,random destip*#
2,2020-12-01 01:43:58,2020-12-01 01:54:12,5,3.59,1,N,170,75,2,12,0.5,0.5,0,0,0.3,15.8,2.5,random destip*#
2,2020-12-01 01:07:55,2020-12-01 01:47:50,1,18.91,1,N,100,180,2,54.5,0.5,0.5,0,0,0.3,58.3,2.5,random destip*#
1,2020-12-01 01:19:21,2020-12-01 01:44:25,1,15.80,1,N,132,256,3,43,0.5,0.5,0,0,0.3,44.3,0,random destip*#
1,2020-12-01 01:00:37,2020-12-01 01:08:22,1,2.20,1,N,41,238,1,9,2.5,0.5,2.45,0,0.3,14.75,2.5,random destip*#
1,2020-12-01 01:32:41,2020-12-01 01:37:31,1,1.30,1,N,236,74,1,6,2.5,0.5,2.3,0,0.3,11.6,2.5,random destip*#
1,2020-12-01 01:54:12,2020-12-01 02:16:58,1,10.00,1,N,141,61,2,30,2.5,0.5,0,0,0.3,33.3,2.5,random destip*#
2,2020-12-01 01:16:31,2020-12-01 01:23:02,2,2.19,1,N,137,48,2,8.5,0.5,0.5,0,0,0.3,12.3,2.5,random destip*#
2,2020-12-01 01:26:29,2020-12-01 01:48:32,2,9.23,1,N,48,49,2,27.5,0.5,0.5,0,0,0.3,31.3,2.5,random destip*#
2,2020-12-01 01:02:48,2020-12-01 01:09:20,1,2.42,1,N,107,230,2,8.5,0.5,0.5,0,0,0.3,12.3,2.5,random destip*#
2,2020-12-01 01:07:24,2020-12-01 01:21:25,1,5.89,1,N,132,38,2,18,0.5,0.5,0,0,0.3,19.3,0,random destip*#
2,2020-12-01 01:19:13,2020-12-01 01:46:33,1,20.84,1,N,132,46,2,55,0.5,0.5,0,6.12,0.3,62.42,0,random destip*#
2,2020-12-01 01:15:53,2020-12-01 01:25:45,2,2.02,1,N,237,143,1,9.5,0.5,0.5,2.66,0,0.3,15.96,2.5,random destip*#
2,2020-12-01 01:30:12,2020-12-01 01:37:14,1,1.60,1,N,142,237,2,7.5,0.5,0.5,0,0,0.3,11.3,2.5,random destip*#
1,2020-12-01 01:14:07,2020-12-01 01:41:56,0,12.60,1,N,132,217,2,36,0.5,0.5,0,0,0.3,37.3,0,random destip*#
2,2020-12-01 01:25:15,2020-12-01 01:44:20,1,8.33,1,N,132,86,2,25,0.5,0.5,0,0,0.3,26.3,0,random destip*#
1,2020-12-01 01:04:40,2020-12-01 01:12:20,1,1.90,1,N,261,66,1,8.5,3,0.5,3.05,0,0.3,15.35,2.5,random destip*#
2,2020-12-01 01:45:10,2020-12-01 02:02:25,1,4.34,1,N,140,226,2,16.5,0.5,0.5,0,0,0.3,20.3,2.5,random destip*#
2,2020-12-01 01:34:11,2020-12-01 01:56:36,2,6.52,1,N,100,42,1,21,0.5,0.5,1.08,0,0.3,25.88,2.5,random destip*#
1,2020-12-01 01:09:49,2020-12-01 01:46:11,1,21.60,2,N,132,127,1,52,0,0.5,8,6.12,0.3,66.92,0,random destip*#
2,2020-12-01 01:25:25,2020-12-01 02:08:05,1,6.80,1,N,186,42,2,32,0.5,0.5,0,0,0.3,35.8,2.5,random destip*#
2,2020-12-01 01:28:30,2020-12-01 02:15:01,1,14.74,5,N,68,76,2,57.2,0,0,0,0,0.3,60,2.5,random destip*#
2,2020-12-01 00:59:18,2020-12-01 01:03:42,1,1.84,1,N,237,100,2,7,0.5,0.5,0,0,0.3,10.8,2.5,random destip*#
2,2020-12-01 01:09:20,2020-12-01 01:19:01,1,3.60,1,N,162,226,2,12.5,0.5,0.5,0,0,0.3,16.3,2.5,random destip*#
2,2020-12-01 01:28:24,2020-12-01 01:30:07,1,.71,1,N,186,48,2,4,0.5,0.5,0,0,0.3,7.8,2.5,random destip*#
2,2020-12-01 01:26:18,2020-12-01 01:30:07,1,1.23,1,N,68,163,1,6,0.5,0.5,1,0,0.3,10.8,2.5,random destip*#
2,2020-12-01 01:15:59,2020-12-01 01:18:17,2,.52,1,N,68,68,1,4,0.5,0.5,3,0,0.3,10.8,2.5,random destip*#
2,2020-12-01 01:47:34,2020-12-01 02:14:02,1,7.77,1,N,186,61,1,25,0.5,0.5,0,0,0.3,28.8,2.5,random destip*#
2,2020-12-01 01:13:09,2020-12-01 01:25:18,2,4.05,1,N,236,116,2,13.5,0.5,0.5,0,0,0.3,17.3,2.5,random destip*#
2,2020-12-01 01:21:37,2020-12-01 01:45:47,1,11.19,1,N,186,14,1,31.5,0.5,0.5,8.82,0,0.3,44.12,2.5,random destip*#
2,2020-12-01 01:24:56,2020-12-01 01:30:09,1,1.73,1,N,142,238,1,7.5,0.5,0.5,2.26,0,0.3,13.56,2.5,random destip*#
2,2020-12-01 01:10:42,2020-12-01 01:22:25,1,4.52,1,N,263,114,2,14,0.5,0.5,0,0,0.3,17.8,2.5,random destip*#
2,2020-12-01 01:41:43,2020-12-01 02:11:44,5,11.90,1,N,231,244,1,36.5,0.5,0.5,2,0,0.3,42.3,2.5,random destip*#
1,2020-12-01 01:14:14,2020-12-01 01:30:09,1,2.10,1,N,25,195,2,12,0.5,0.5,0,0,0.3,13.3,0,random destip*#
2,2020-12-01 01:24:48,2020-12-01 01:28:51,2,1.08,1,N,231,125,2,5.5,0.5,0.5,0,0,0.3,9.3,2.5,random destip*#
2,2020-12-01 01:53:41,2020-12-01 02:15:19,1,9.46,1,N,88,166,2,29,0.5,0.5,0,0,0.3,32.8,2.5,random destip*#
2,2020-12-01 01:50:11,2020-12-01 01:54:25,1,.65,1,N,68,246,1,5,0.5,0.5,0,0,0.3,8.8,2.5,random destip*#
1,2020-12-01 01:11:02,2020-12-01 01:20:53,1,2.60,1,N,162,142,1,10.5,3,0.5,1.5,0,0.3,15.8,2.5,random destip*#
1,2020-12-01 01:50:33,2020-12-01 01:57:21,1,2.00,1,N,161,263,1,8,3,0.5,2.35,0,0.3,14.15,2.5,random destip*#
2,2020-12-01 00:55:03,2020-12-01 01:10:00,5,3.98,1,N,48,4,1,14,0.5,0.5,2,0,0.3,19.8,2.5,random destip*#
2,2020-12-01 01:39:39,2020-12-01 02:01:43,5,9.43,1,N,48,95,1,28,0.5,0.5,6.36,0,0.3,38.16,2.5,random destip*#
2,2020-12-01 01:06:56,2020-12-01 01:09:53,1,.75,1,N,230,48,2,4.5,0.5,0.5,0,0,0.3,8.3,2.5,random destip*#
2,2020-12-01 01:04:55,2020-12-01 01:09:53,6,.85,1,N,144,148,2,5.5,0.5,0.5,0,0,0.3,9.3,2.5,random destip*#
2,2020-12-01 01:38:02,2020-12-01 01:43:57,6,2.15,1,N,233,236,1,8,0.5,0.5,1.28,0,0.3,13.08,2.5,random destip*#
2,2020-12-01 01:28:56,2020-12-01 01:52:25,5,12.69,1,N,229,89,1,35.5,0.5,0.5,9.82,0,0.3,49.12,2.5,random destip*#
1,2020-12-01 01:23:35,2020-12-01 01:38:49,1,4.20,1,N,186,263,1,15,3,0.5,3.75,0,0.3,22.55,2.5,random destip*#
1,2020-12-01 01:01:52,2020-12-01 01:14:53,1,4.40,1,Y,148,52,1,15.5,3,0.5,4.8,0,0.3,24.1,2.5,random destip*#
1,2020-12-01 01:15:48,2020-12-01 01:21:24,1,1.10,1,N,74,75,2,6.5,0.5,0.5,0,0,0.3,7.8,0,random destip*#
2,2020-12-01 01:25:16,2020-12-01 01:30:30,1,1.54,1,N,68,48,1,6.5,0.5,0.5,1,0,0.3,11.3,2.5,random destip*#
2,2020-12-01 01:05:46,2020-12-01 01:52:27,1,36.02,1,N,200,265,1,94.5,0.5,0.5,2.75,6.12,0.3,104.67,0,random destip*#
2,2020-12-01 01:04:23,2020-12-01 01:09:58,4,1.96,1,N,79,162,1,7.5,0.5,0.5,1,0,0.3,12.3,2.5,random destip*#
2,2020-12-01 01:17:10,2020-12-01 01:25:18,1,1.60,1,N,163,164,1,8,0.5,0.5,2,0,0.3,13.8,2.5,random destip*#
2,2020-12-01 01:09:38,2020-12-01 01:44:05,2,18.11,2,N,132,229,1,52,0,0.5,11.06,0,0.3,66.36,2.5,random destip*#
2,2020-12-01 01:04:08,2020-12-01 01:20:53,1,11.56,1,N,132,129,1,32.5,0.5,0.5,3,0,0.3,36.8,0,random destip*#
2,2020-12-01 01:26:43,2020-12-01 01:35:54,5,1.92,1,N,114,68,2,8.5,0.5,0.5,0,0,0.3,12.3,2.5,random destip*#
2,2020-12-01 01:55:24,2020-12-01 01:59:41,5,.96,1,N,234,113,1,5.5,0.5,0.5,1.86,0,0.3,11.16,2.5,random destip*#
2,2020-12-01 01:07:24,2020-12-01 01:12:45,1,1.22,1,N,163,237,1,6.5,0.5,0.5,2,0,0.3,12.3,2.5,random destip*#
1,2020-12-01 01:07:31,2020-12-01 01:26:26,5,13.30,1,N,132,157,2,36.5,0.5,0.5,0,0,0.3,37.8,0,random destip*#
2,2020-12-01 01:56:35,2020-12-01 02:22:38,1,18.90,1,N,132,69,1,51,0.5,0.5,0,6.12,0.3,58.42,0,random destip*#
1,2020-12-01 01:29:47,2020-12-01 01:30:00,1,.00,1,N,68,68,3,2.5,3,0.5,0,0,0.3,6.3,2.5,random destip*#
1,2020-12-01 01:30:30,2020-12-01 01:31:28,1,.00,5,Y,68,68,2,0.01,0,0,0,0,0.3,0.31,0,random destip*#
1,2020-12-01 01:33:28,2020-12-01 01:35:34,1,.30,5,N,100,186,1,35,0,0,0,0,0.3,35.3,0,random destip*#
2,2020-12-01 01:46:40,2020-12-01 02:24:18,3,5.48,1,N,116,167,1,25.5,0.5,0.5,23,0,0.3,49.8,0,random destip*#
2,2020-12-01 01:52:31,2020-12-01 01:57:39,1,.93,1,N,100,50,1,5,0.5,0.5,1.76,0,0.3,10.56,2.5,random destip*#
1,2020-12-01 01:09:08,2020-12-01 01:42:01,4,20.50,2,N,132,249,1,52,2.5,0.5,12.25,6.12,0.3,73.67,2.5,random destip*#
2,2020-12-01 01:18:28,2020-12-01 01:22:25,2,.63,1,N,166,166,2,5,0.5,0.5,0,0,0.3,6.3,0,random destip*#
1,2020-12-01 01:59:17,2020-12-01 02:15:13,0,4.80,1,N,231,143,1,17,3,0.5,1,0,0.3,21.8,2.5,random destip*#
2,2020-12-01 01:37:06,2020-12-01 01:41:52,1,.67,1,N,48,100,1,5,0.5,0.5,5,0,0.3,13.8,2.5,random destip*#
1,2020-12-01 01:08:36,2020-12-01 01:16:16,1,1.40,1,N,170,50,2,8,3,0.5,0,0,0.3,11.8,2.5,random destip*#
2,2020-12-01 01:03:50,2020-12-01 01:10:26,1,1.01,1,N,161,186,1,6.5,0.5,0.5,2.06,0,0.3,12.36,2.5,random destip*#
2,2020-12-01 01:28:23,2020-12-01 01:28:54,1,.01,1,N,230,230,4,-2.5,-0.5,-0.5,0,0,-0.3,-6.3,-2.5,random destip*#
2,2020-12-01 01:28:23,2020-12-01 01:28:54,1,.01,1,N,230,163,2,2.5,0.5,0.5,0,0,0.3,6.3,2.5,random destip*#
2,2020-12-01 01:44:01,2020-12-01 01:55:27,1,2.63,1,N,239,41,4,-11,-0.5,-0.5,0,0,-0.3,-14.8,-2.5,random destip*#
2,2020-12-01 01:44:01,2020-12-01 01:55:27,1,2.63,1,N,239,41,2,11,0.5,0.5,0,0,0.3,14.8,2.5,random destip*#
2,2020-12-01 01:58:20,2020-12-01 02:21:57,1,17.76,2,N,41,132,1,52,0,0.5,1,6.12,0.3,59.92,0,random destip*#
2,2020-12-01 01:45:35,2020-12-01 01:51:44,1,1.91,1,N,262,74,2,7.5,0.5,0.5,0,0,0.3,11.3,2.5,random destip*#
2,2020-12-01 01:48:03,2020-12-01 01:57:43,2,3.78,1,N,138,129,2,13,0.5,0.5,0,0,0.3,14.3,0,random destip*#
1,2020-12-01 01:07:08,2020-12-01 01:17:49,2,3.90,1,N,261,68,1,13,3,0.5,0,0,0.3,16.8,2.5,random destip*#
2,2020-12-07 15:23:31,2020-12-07 15:47:03,1,3.20,1,N,186,79,1,16,0.5,0.5,3.96,0,0.3,23.76,2.5,random destip*#
2,2020-12-07 15:57:46,2020-12-07 16:03:52,1,.90,1,N,107,137,1,6,0.5,0.5,1.96,0,0.3,11.76,2.5,random destip*#
2,2020-12-01 01:34:26,2020-12-01 02:13:23,1,22.28,1,N,42,39,1,61.5,0.5,0.5,2.75,6.12,0.3,71.67,0,random destip*#
2,2020-12-01 01:51:01,2020-12-01 02:15:03,1,20.60,2,N,132,140,1,52,0,0.5,2.58,6.12,0.3,64,2.5,random destip*#
1,2020-12-01 01:00:39,2020-12-01 01:31:26,1,21.20,1,N,132,195,1,56,0.5,0.5,6,0,0.3,63.3,0,random destip*#
2,2020-12-01 01:18:23,2020-12-01 01:30:22,1,5.46,1,N,75,50,1,17,0.5,0.5,4.16,0,0.3,24.96,2.5,random destip*#
2,2020-12-01 01:52:08,2020-12-01 02:23:33,2,25.84,4,N,132,265,1,113.5,0.5,0.5,15,0,0.3,129.8,0,random destip*#
2,2020-12-01 01:14:08,2020-12-01 01:29:55,1,7.67,1,N,48,243,1,23.5,0.5,0.5,0,0,0.3,27.3,2.5,random destip*#
1,2020-12-01 01:55:48,2020-12-01 02:25:36,1,15.40,1,N,48,10,1,42.5,3,0.5,0,0,0.3,46.3,2.5,random destip*#
1,2020-12-01 01:13:28,2020-12-01 01:19:34,1,1.30,1,N,170,234,1,6.5,3,0.5,6.58,0,0.3,16.88,2.5,random destip*#
2,2020-12-01 01:27:28,2020-12-01 01:30:34,2,.45,1,N,107,137,2,4,0.5,0.5,0,0,0.3,7.8,2.5,random destip*#
2,2020-12-01 01:34:47,2020-12-01 01:37:35,1,.63,1,N,68,186,1,4.5,0.5,0.5,1.68,0,0.3,9.98,2.5,random destip*#
2,2020-12-01 01:14:58,2020-12-01 01:38:32,1,13.08,1,N,132,70,2,36.5,0.5,0.5,0,0,0.3,37.8,0,random destip*#
2,2020-12-01 01:10:11,2020-12-01 01:20:32,1,2.43,1,N,41,69,1,10.5,0.5,0.5,2.5,0,0.3,14.3,0,random destip*#
2,2020-12-01 01:04:13,2020-12-01 01:13:31,1,2.40,1,N,74,151,2,9.5,0.5,0.5,0,0,0.3,10.8,0,random destip*#
2,2020-12-01 01:34:20,2020-12-01 02:06:00,1,20.23,1,N,132,223,2,55.5,0.5,0.5,0,0,0.3,56.8,0,random destip*#
1,2020-12-01 01:19:34,2020-12-01 01:43:32,4,17.70,2,N,132,233,2,52,2.5,0.5,0,6.12,0.3,61.42,2.5,random destip*#
2,2020-12-01 01:26:25,2020-12-01 01:30:05,1,.70,1,N,48,50,1,5,0.5,0.5,0.75,0,0.3,9.55,2.5,random destip*#
1,2020-12-01 02:51:21,2020-12-01 03:13:22,1,6.00,1,N,75,94,2,21,0.5,0.5,0,0,0.3,22.3,0,random destip*#
2,2020-12-01 02:08:26,2020-12-01 02:42:42,1,11.60,1,N,132,188,2,37,0.5,0.5,0,0,0.3,38.3,0,random destip*#
2,2020-12-01 02:07:56,2020-12-01 02:16:50,1,1.83,1,N,234,144,2,8.5,0.5,0.5,0,0,0.3,12.3,2.5,random destip*#
2,2020-12-01 02:07:56,2020-12-01 02:11:13,1,.70,1,N,48,48,2,4.5,0.5,0.5,0,0,0.3,8.3,2.5,random destip*#
2,2020-12-01 02:18:48,2020-12-01 02:51:02,1,7.74,1,N,48,173,2,27.5,0.5,0.5,0,0,0.3,31.3,2.5,random destip*#
2,2020-12-01 02:12:35,2020-12-01 02:32:44,4,8.42,1,N,263,255,2,25,0.5,0.5,0,0,0.3,28.8,2.5,random destip*#
2,2020-12-01 02:56:15,2020-12-01 03:09:31,1,6.26,1,N,132,180,1,19,0.5,0.5,4.06,0,0.3,24.36,0,random destip*#
2,2020-12-01 02:00:00,2020-12-01 02:17:59,1,12.37,1,N,132,70,1,34.5,0.5,0.5,17.9,0,0.3,53.7,0,random destip*#
1,2020-12-01 02:22:29,2020-12-01 02:24:17,2,.40,1,N,263,236,1,3.5,3,0.5,1,0,0.3,8.3,2.5,random destip*#
2,2020-12-01 02:03:32,2020-12-01 02:14:29,1,3.09,1,N,166,244,2,11.5,0.5,0.5,0,0,0.3,12.8,0,random destip*#
2,2020-12-01 02:46:38,2020-12-01 02:55:33,1,2.63,1,N,186,143,1,9.5,0.5,0.5,1,0,0.3,14.3,2.5,random destip*#
2,2020-12-01 02:55:10,2020-12-01 03:01:52,1,1.19,1,N,68,170,1,7,0.5,0.5,2.16,0,0.3,12.96,2.5,random destip*#
1,2020-12-01 02:05:47,2020-12-01 02:18:44,2,5.10,1,N,113,75,2,15.5,3,0.5,0,0,0.3,19.3,2.5,random destip*#
1,2020-12-01 02:19:28,2020-12-01 02:23:38,1,1.20,1,N,75,41,3,6,0.5,0.5,0,0,0.3,7.3,0,random destip*#
1,2020-12-01 02:34:06,2020-12-01 02:35:41,1,.30,1,N,41,75,3,3.5,0.5,0.5,0,0,0.3,4.8,0,random destip*#
1,2020-12-01 02:42:43,2020-12-01 02:49:40,1,2.70,1,N,263,170,1,9.5,3,0.5,3.95,0,0.3,17.25,2.5,random destip*#
1,2020-12-01 02:16:33,2020-12-01 02:20:26,1,1.00,1,N,186,230,2,5.5,3,0.5,0,0,0.3,9.3,2.5,random destip*#
2,2020-12-01 02:00:12,2020-12-01 02:09:06,1,3.44,1,N,132,216,2,12,0.5,0.5,0,0,0.3,13.3,0,random destip*#
1,2020-12-01 02:00:21,2020-12-01 02:31:23,1,23.50,1,N,132,257,1,62,0.5,0.5,18.95,0,0.3,82.25,0,random destip*#
2,2020-12-01 02:33:35,2020-12-01 02:53:09,1,8.50,1,N,132,131,2,25.5,0.5,0.5,0,0,0.3,26.8,0,random destip*#
2,2020-12-01 01:50:35,2020-12-01 02:00:50,1,3.40,1,N,113,66,2,12,0.5,0.5,0,0,0.3,15.8,2.5,random destip*#
2,2020-12-01 02:54:27,2020-12-01 02:58:30,1,1.02,1,N,41,74,1,5,0.5,0.5,1.26,0,0.3,7.56,0,random destip*#
2,2020-12-01 02:12:16,2020-12-01 02:20:49,3,3.21,1,N,186,261,2,10.5,0.5,0.5,0,0,0.3,14.3,2.5,random destip*#
1,2020-12-01 02:17:46,2020-12-01 02:21:00,1,1.10,1,N,229,141,2,5,3,0.5,0,0,0.3,8.8,2.5,random destip*#
2,2020-12-01 02:22:26,2020-12-01 02:23:38,1,.12,5,N,69,69,3,-6,0,-0.5,0,0,-0.3,-6.8,0,random destip*#
2,2020-12-01 02:22:26,2020-12-01 02:23:38,1,.12,5,N,69,69,2,6,0,0.5,0,0,0.3,6.8,0,random destip*#
2,2020-12-01 01:56:20,2020-12-01 02:25:32,1,5.32,1,N,48,152,2,21.5,0.5,0.5,0,0,0.3,25.3,2.5,random destip*#
2,2020-12-01 02:18:48,2020-12-01 02:19:25,1,.00,5,N,130,130,2,10,0,0.5,0,0,0.3,10.8,0,random destip*#
1,2020-12-01 02:34:58,2020-12-01 02:52:47,1,.00,1,N,47,151,1,26.2,0,0.5,0,0,0.3,27,0,random destip*#
2,2020-12-01 02:51:23,2020-12-01 02:54:08,1,.92,1,N,48,246,2,4.5,0.5,0.5,0,0,0.3,8.3,2.5,random destip*#
2,2020-12-01 02:09:27,2020-12-01 02:19:32,1,6.31,1,N,143,244,1,18.5,0.5,0.5,3.38,0,0.3,25.68,2.5,random destip*#
1,2020-12-01 02:57:25,2020-12-01 02:59:58,1,.90,1,N,75,263,2,4.5,3,0.5,0,0,0.3,8.3,2.5,random destip*#
2,2020-12-01 02:03:52,2020-12-01 02:41:00,1,23.76,1,N,10,254,1,65,0.5,0.5,2.75,6.12,0.3,75.17,0,random destip*#
1,2020-12-01 02:00:23,2020-12-01 02:34:40,1,14.80,1,N,162,149,2,43,3,0.5,0,0,0.3,46.8,2.5,random destip*#
2,2020-12-01 02:54:45,2020-12-01 03:11:20,2,8.93,1,N,132,77,1,25.5,0.5,0.5,0,0,0.3,26.8,0,random destip*#
2,2020-12-01 02:04:39,2020-12-01 02:11:07,1,1.52,1,N,48,162,2,7,0.5,0.5,0,0,0.3,10.8,2.5,random destip*#
2,2020-12-01 02:19:51,2020-12-01 02:21:48,1,.78,1,N,233,141,1,4,0.5,0.5,1.56,0,0.3,9.36,2.5,random destip*#
1,2020-12-01 02:38:05,2020-12-01 03:02:10,1,8.60,1,N,234,37,1,27,3,0.5,9.2,0,0.3,40,2.5,random destip*#
2,2020-12-01 02:53:25,2020-12-01 03:02:40,1,3.49,1,N,230,238,1,12.5,0.5,0.5,1.63,0,0.3,17.93,2.5,random destip*#
2,2020-12-01 02:47:34,2020-12-01 02:51:10,1,1.08,1,N,48,163,2,5.5,0.5,0.5,0,0,0.3,9.3,2.5,random destip*#
1,2020-12-01 02:52:40,2020-12-01 03:09:59,1,5.20,1,N,186,256,1,18,3,0.5,4.35,0,0.3,26.15,2.5,random destip*#
2,2020-12-01 02:51:39,2020-12-01 03:26:04,1,20.98,1,N,68,265,1,57.5,0.5,0.5,5,0,0.3,66.3,2.5,random destip*#
1,2020-12-01 02:23:56,2020-12-01 02:32:34,1,2.40,1,N,162,262,1,9.5,3,0.5,0.5,0,0.3,13.8,2.5,random destip*#
2,2020-12-01 02:25:48,2020-12-01 02:28:03,5,.70,1,N,141,141,2,4,0.5,0.5,0,0,0.3,7.8,2.5,random destip*#
2,2020-12-01 02:37:30,2020-12-01 02:54:00,5,9.03,1,N,141,25,2,26,0.5,0.5,0,0,0.3,29.8,2.5,random destip*#
2,2020-12-01 01:56:46,2020-12-01 02:18:54,4,13.03,1,N,164,67,2,36.5,0.5,0.5,0,0,0.3,40.3,2.5,random destip*#
2,2020-12-01 02:46:51,2020-12-01 02:52:15,1,1.80,1,N,164,113,1,7.5,0.5,0.5,2.26,0,0.3,13.56,2.5,random destip*#
1,2020-12-01 02:01:45,2020-12-01 02:28:09,1,7.20,1,N,249,198,4,24.5,3,0.5,0,0,0.3,28.3,2.5,random destip*#
1,2020-12-01 02:22:48,2020-12-01 02:32:45,1,3.50,1,N,140,168,2,11.5,3,0.5,0,0,0.3,15.3,2.5,random destip*#
1,2020-12-01 02:56:54,2020-12-01 02:59:24,1,.30,1,N,140,141,2,3.5,3,0.5,0,0,0.3,7.3,2.5,random destip*#
1,2020-12-01 02:29:38,2020-12-01 02:42:37,1,2.70,1,N,61,181,2,11.5,0,0.5,0,0,0.3,12.3,0,random destip*#
2,2020-12-01 02:51:45,2020-12-01 03:05:41,3,4.37,1,N,264,264,2,14.5,0.5,0.5,0,0,0.3,18.3,2.5,random destip*#
2,2020-12-01 02:12:56,2020-12-01 02:28:36,1,9.39,1,N,132,39,1,27,0.5,0.5,5.66,0,0.3,33.96,0,random destip*#
2,2020-12-01 02:13:39,2020-12-01 02:15:52,3,.85,1,N,246,246,2,4.5,0.5,0.5,0,0,0.3,8.3,2.5,random destip*#
2,2020-12-01 02:38:18,2020-12-01 02:54:30,3,5.91,1,N,107,260,1,18.5,0.5,0.5,6.69,0,0.3,28.99,2.5,random destip*#
1,2020-12-01 02:23:40,2020-12-01 02:27:40,1,.90,1,Y,100,48,2,5,3,0.5,0,0,0.3,8.8,2.5,random destip*#
1,2020-12-01 02:56:00,2020-12-01 03:24:14,1,9.50,1,N,164,94,2,28.5,3,0.5,0,0,0.3,32.3,2.5,random destip*#
2,2020-12-01 02:33:56,2020-12-01 02:41:46,6,1.63,1,N,238,263,2,8,0.5,0.5,0,0,0.3,11.8,2.5,random destip*#
1,2020-12-01 02:51:13,2020-12-01 03:03:46,1,4.60,1,N,68,75,2,14.5,3,0.5,0,0,0.3,18.3,2.5,random destip*#
2,2020-12-01 02:16:15,2020-12-01 02:44:13,1,4.03,1,N,230,263,2,18.5,0.5,0.5,0,0,0.3,22.3,2.5,random destip*#
2,2020-12-01 02:48:50,2020-12-01 02:48:53,1,.00,5,N,264,264,1,22,0,0.5,0,0,0.3,22.8,0,random destip*#
2,2020-12-01 02:06:32,2020-12-01 02:14:46,2,1.68,1,N,107,45,2,8.5,0.5,0.5,0,0,0.3,12.3,2.5,random destip*#
2,2020-12-01 02:26:32,2020-12-01 02:32:31,1,1.69,1,N,161,43,2,7.5,0.5,0.5,0,0,0.3,11.3,2.5,random destip*#
2,2020-12-01 02:55:45,2020-12-01 03:05:03,3,2.32,1,N,234,148,1,9.5,0.5,0.5,2.66,0,0.3,15.96,2.5,random destip*#
2,2020-12-01 02:52:27,2020-12-01 03:05:38,1,4.90,1,N,261,48,2,16,0.5,0.5,0,0,0.3,19.8,2.5,random destip*#
2,2020-12-01 02:06:45,2020-12-01 02:36:48,1,16.52,1,N,186,76,2,46,0.5,0.5,0,6.12,0.3,55.92,2.5,random destip*#
2,2020-12-01 02:22:28,2020-12-01 02:33:29,6,6.20,1,N,229,12,1,18,0.5,0.5,5.45,0,0.3,27.25,2.5,random destip*#
2,2020-12-01 02:47:54,2020-12-01 03:10:36,1,13.26,1,N,107,171,2,37.5,0.5,0.5,0,0,0.3,41.3,2.5,random destip*#
1,2020-12-01 02:51:42,2020-12-01 03:09:12,1,6.00,1,N,79,238,2,19,3,0.5,0,0,0.3,22.8,2.5,random destip*#
2,2020-12-01 02:08:41,2020-12-01 02:38:46,1,17.77,2,N,132,141,2,52,0,0.5,0,0,0.3,55.3,2.5,random destip*#
2,2020-12-01 02:15:00,2020-12-01 02:20:02,1,1.61,1,N,263,229,1,6.5,0.5,0.5,2.06,0,0.3,12.36,2.5,random destip*#
2,2020-12-01 02:11:30,2020-12-01 02:15:07,1,.81,1,N,68,90,1,4.5,0.5,0.5,0,0,0.3,8.3,2.5,random destip*#
1,2020-12-01 02:38:20,2020-12-01 03:10:01,2,21.90,1,N,132,181,2,58.5,0.5,0.5,0,0,0.3,59.8,0,random destip*#
2,2020-12-01 02:07:01,2020-12-01 02:07:09,4,.00,5,N,28,28,1,30,0,0,0,0,0.3,30.3,0,random destip*#
2,2020-12-01 02:13:56,2020-12-01 02:18:10,1,.62,1,N,28,134,2,5,0.5,0.5,0,0,0.3,6.3,0,random destip*#
2,2020-12-01 02:08:19,2020-12-01 02:17:03,5,2.27,1,N,229,142,2,9.5,0.5,0.5,0,0,0.3,13.3,2.5,random destip*#
1,2020-12-01 02:01:33,2020-12-01 02:16:50,1,10.30,1,N,132,121,1,28.5,0.5,0.5,0,0,0.3,29.8,0,random destip*#
2,2020-12-01 02:14:32,2020-12-01 02:19:47,1,2.24,1,N,140,74,1,8,0.5,0.5,2.36,0,0.3,14.16,2.5,random destip*#
2,2020-12-01 02:53:27,2020-12-01 03:04:14,1,3.80,1,N,88,186,1,12.5,0.5,0.5,0,0,0.3,16.3,2.5,random destip*#
2,2020-12-01 02:05:28,2020-12-01 02:14:15,1,3.14,1,N,163,193,2,11,0.5,0.5,0,0,0.3,14.8,2.5,random destip*#
2,2020-12-01 02:24:52,2020-12-01 02:28:31,1,.86,1,N,140,229,2,5,0.5,0.5,0,0,0.3,8.8,2.5,random destip*#
1,2020-12-01 02:27:22,2020-12-01 02:44:34,1,7.20,1,N,161,244,2,22,3,0.5,0,0,0.3,25.8,2.5,random destip*#
1,2020-12-01 02:55:27,2020-12-01 02:58:37,2,.80,1,N,166,24,2,5,0.5,0.5,0,0,0.3,6.3,0,random destip*#
1,2020-12-01 02:02:08,2020-12-01 02:28:27,1,9.30,1,N,162,62,1,30,3,0.5,5,0,0.3,38.8,2.5,random destip*#
2,2020-12-01 02:33:00,2020-12-01 02:44:22,1,3.18,1,N,238,264,2,11.5,0.5,0.5,0,0,0.3,15.3,2.5,random destip*#
1,2020-12-01 02:29:42,2020-12-01 02:34:12,1,1.10,1,N,48,143,2,5.5,3,0.5,0,0,0.3,9.3,2.5,random destip*#
2,2020-12-01 02:27:06,2020-12-01 02:27:21,1,.00,5,N,100,100,1,20,0,0,1,0,0.3,23.8,2.5,random destip*#
2,2020-12-07 16:16:44,2020-12-07 16:22:04,1,.90,1,N,237,237,1,5.5,0.5,0.5,0.93,0,0.3,10.23,2.5,random destip*#
2,2020-12-07 16:52:02,2020-12-07 17:06:58,1,1.80,1,N,162,246,1,10.5,0.5,0.5,2.86,0,0.3,17.16,2.5,random destip*#
2,2020-12-01 02:31:47,2020-12-01 03:14:10,2,20.64,1,N,39,42,1,56.5,0.5,0.5,2.75,6.12,0.3,66.67,0,random destip*#
2,2020-12-01 02:15:09,2020-12-01 02:25:53,1,2.82,1,N,230,238,1,11.5,0.5,0.5,3.06,0,0.3,18.36,2.5,random destip*#
1,2020-12-01 02:28:33,2020-12-01 02:37:59,1,1.40,1,N,10,215,2,8.5,0.5,0.5,0,0,0.3,9.8,0,random destip*#
2,2020-12-01 02:07:26,2020-12-01 02:11:43,1,1.07,1,N,42,42,1,5.5,0.5,0.5,0,0,0.3,6.8,0,random destip*#
2,2020-12-01 02:16:04,2020-12-01 02:19:44,1,1.04,1,N,68,50,1,5.5,0.5,0.5,2.79,0,0.3,12.09,2.5,random destip*#
2,2020-12-01 02:49:09,2020-12-01 02:55:37,1,1.39,1,N,186,161,2,7,0.5,0.5,0,0,0.3,10.8,2.5,random destip*#
2,2020-12-01 02:56:31,2020-12-01 03:03:22,1,2.32,1,N,161,236,1,8.5,0.5,0.5,0,0,0.3,12.3,2.5,random destip*#
2,2020-12-01 02:09:36,2020-12-02 00:00:00,1,4.68,1,N,132,10,1,15,0.5,0.5,0,0,0.3,16.3,0,random destip*#
2,2020-12-01 03:28:31,2020-12-01 03:44:01,1,8.71,1,N,132,39,1,25,0.5,0.5,2,0,0.3,28.3,0,random destip*#
1,2020-12-01 03:58:16,2020-12-01 04:14:32,3,5.10,1,N,75,68,2,16.5,3,0.5,0,0,0.3,20.3,2.5,random destip*#
2,2020-12-01 03:58:55,2020-12-01 04:01:59,1,.60,1,N,186,90,1,4.5,0.5,0.5,1,0,0.3,9.3,2.5,random destip*#
2,2020-12-01 03:06:03,2020-12-01 03:23:11,1,6.96,1,N,132,130,2,22,0.5,0.5,0,0,0.3,23.3,0,random destip*#
2,2020-12-01 03:33:21,2020-12-01 03:47:56,1,3.24,1,N,141,24,1,12.5,0.5,0.5,0,0,0.3,16.3,2.5,random destip*#
2,2020-12-01 03:39:42,2020-12-01 03:57:52,1,4.44,1,N,152,247,2,16.5,0.5,0.5,0,0,0.3,17.8,0,random destip*#
2,2020-12-01 03:14:02,2020-12-01 03:22:51,1,1.64,1,N,68,137,2,8,0.5,0.5,0,0,0.3,11.8,2.5,random destip*#
1,2020-12-01 03:47:03,2020-12-01 04:00:21,1,3.50,1,N,186,262,2,13,3,0.5,0,0,0.3,16.8,2.5,random destip*#
2,2020-12-01 03:57:39,2020-12-01 03:58:20,2,.19,1,N,263,263,1,3,0.5,0.5,1.36,0,0.3,8.16,2.5,random destip*#
2,2020-12-01 03:22:46,2020-12-01 03:43:40,1,5.90,1,N,170,83,2,20.5,0.5,0.5,0,0,0.3,24.3,2.5,random destip*#
2,2020-12-01 03:10:22,2020-12-01 03:13:35,1,.40,1,N,49,49,2,4.5,0.5,0.5,0,0,0.3,5.8,0,random destip*#
2,2020-12-01 03:29:33,2020-12-01 03:53:48,1,10.22,1,N,132,72,2,31.5,0.5,0.5,0,0,0.3,32.8,0,random destip*#
2,2020-12-01 03:05:41,2020-12-01 03:10:35,4,2.21,1,N,229,79,2,8,0.5,0.5,0,0,0.3,11.8,2.5,random destip*#
2,2020-12-01 02:57:20,2020-12-01 03:15:12,1,4.53,1,N,151,68,2,17,0.5,0.5,0,0,0.3,20.8,2.5,random destip*#
2,2020-12-01 03:16:57,2020-12-01 03:21:50,1,1.56,1,N,116,244,2,6.5,0.5,0.5,0,0,0.3,7.8,0,random destip*#
2,2020-12-01 03:24:24,2020-12-01 03:38:52,1,3.20,1,N,244,41,2,13,0.5,0.5,0,0,0.3,14.3,0,random destip*#
2,2020-12-01 03:08:07,2020-12-01 03:48:40,1,7.70,1,N,249,239,1,32,0.5,0.5,3,0,0.3,38.8,2.5,random destip*#
1,2020-12-01 03:02:07,2020-12-01 03:32:04,1,11.40,1,N,132,188,2,35.5,0.5,0.5,0,0,0.3,36.8,0,random destip*#
1,2020-12-01 03:45:27,2020-12-01 03:53:04,1,2.20,1,N,166,244,1,8.5,0.5,0.5,0,0,0.3,9.8,0,random destip*#
1,2020-12-01 03:12:32,2020-12-01 03:12:38,1,14.80,2,N,89,89,3,52,0,0.5,0,0,0.3,52.8,0,random destip*#
1,2020-12-01 03:16:06,2020-12-01 03:16:12,1,14.80,3,N,89,89,3,20,0.5,0,0,0,0.3,20.8,0,random destip*#
1,2020-12-01 03:37:52,2020-12-01 03:50:39,1,5.10,1,N,263,232,1,16,3,0.5,3.95,0,0.3,23.75,2.5,random destip*#
1,2020-12-01 03:58:59,2020-12-01 03:59:32,4,5.10,1,N,148,148,3,2.5,3,0.5,0,0,0.3,6.3,2.5,random destip*#
2,2020-12-01 03:23:05,2020-12-01 03:42:28,1,9.55,1,N,132,130,1,28,0.5,0.5,5.86,0,0.3,35.16,0,random destip*#
2,2020-12-01 03:25:48,2020-12-01 03:37:34,1,5.69,1,N,132,197,2,17.5,0.5,0.5,0,0,0.3,18.8,0,random destip*#
1,2020-12-01 03:51:25,2020-12-01 03:58:00,1,1.50,1,N,137,107,2,7,3,0.5,0,0,0.3,10.8,2.5,random destip*#
2,2020-12-01 03:59:56,2020-12-01 04:03:18,1,1.36,1,N,90,230,2,5.5,0.5,0.5,0,0,0.3,9.3,2.5,random destip*#
2,2020-12-01 03:15:33,2020-12-01 03:22:27,2,1.28,1,N,186,233,2,7,0.5,0.5,0,0,0.3,10.8,2.5,random destip*#
2,2020-12-01 03:15:17,2020-12-01 03:21:39,1,1.02,1,N,186,246,2,6.5,0.5,0.5,0,0,0.3,10.3,2.5,random destip*#
1,2020-12-01 03:50:22,2020-12-01 04:04:20,2,3.00,1,N,238,116,1,13,3,0.5,0,0,0.3,16.8,2.5,random destip*#
2,2020-12-01 03:34:09,2020-12-01 04:01:41,2,11.46,1,N,68,167,2,33.5,0.5,0.5,0,0,0.3,37.3,2.5,random destip*#
2,2020-12-01 03:37:49,2020-12-01 03:50:33,1,7.61,1,N,132,76,2,21.5,0.5,0.5,0,0,0.3,22.8,0,random destip*#
2,2020-12-01 03:52:28,2020-12-01 03:58:18,1,1.50,1,N,170,68,1,7,0.5,0.5,1,0,0.3,11.8,2.5,random destip*#
1,2020-12-01 03:01:14,2020-12-01 03:20:57,1,7.90,1,N,186,244,1,25,3,0.5,1,0,0.3,29.8,2.5,random destip*#
1,2020-12-01 03:28:30,2020-12-01 03:36:46,1,2.50,1,N,166,143,2,9.5,3,0.5,0,0,0.3,13.3,2.5,random destip*#
2,2020-12-01 03:23:29,2020-12-01 03:36:28,1,4.46,1,N,186,226,1,14.5,0.5,0.5,3.66,0,0.3,21.96,2.5,random destip*#
2,2020-12-01 03:39:04,2020-12-01 03:53:23,1,9.73,1,N,132,39,2,27,0.5,0.5,0,0,0.3,28.3,0,random destip*#
1,2020-12-01 03:36:55,2020-12-01 04:05:16,4,16.20,1,N,132,89,2,44,0.5,0.5,0,0,0.3,45.3,0,random destip*#
2,2020-12-01 03:35:52,2020-12-01 03:49:52,1,6.39,1,N,132,130,2,20.5,0.5,0.5,0,0,0.3,21.8,0,random destip*#
2,2020-12-01 03:56:32,2020-12-01 03:56:34,1,.00,5,N,264,264,1,30,0,0,0,0,0.3,30.3,0,random destip*#
1,2020-12-01 03:05:00,2020-12-01 03:12:53,1,3.10,1,N,68,239,1,10.5,3,0.5,2.85,0,0.3,17.15,2.5,random destip*#
2,2020-12-01 03:06:22,2020-12-01 03:09:58,1,1.39,1,N,90,230,2,6,0.5,0.5,0,0,0.3,9.8,2.5,random destip*#
2,2020-12-01 03:40:35,2020-12-01 03:51:30,1,4.05,1,N,132,10,2,13.5,0.5,0.5,0,0,0.3,14.8,0,random destip*#
2,2020-12-07 17:42:07,2020-12-07 18:08:12,1,7.11,1,N,68,244,1,24,0.5,0.5,2,0,0.3,29.8,2.5,random destip*#
2,2020-12-01 12:32:35,2020-12-01 12:45:08,1,1.46,1,N,142,142,1,9.5,0.5,0.5,5,0,0.3,18.3,2.5,random destip*#
2,2020-12-01 03:28:42,2020-12-01 03:54:51,1,15.76,4,N,132,117,1,43.5,0.5,0.5,8.96,0,0.3,53.76,0,random destip*#
1,2020-12-01 03:25:29,2020-12-01 03:40:07,1,6.80,1,N,132,197,2,20.5,0.5,0.5,0,0,0.3,21.8,0,random destip*#
2,2020-12-01 03:02:17,2020-12-01 03:18:09,1,4.39,1,N,48,232,2,16,0.5,0.5,0,0,0.3,19.8,2.5,random destip*#
1,2020-12-01 04:41:28,2020-12-01 04:43:41,1,.10,1,N,48,50,2,2.5,3,0.5,0,0,0.3,6.3,2.5,random destip*#
2,2020-12-01 04:21:40,2020-12-01 04:27:30,1,1.37,1,N,186,161,1,6.5,0.5,0.5,5,0,0.3,15.3,2.5,random destip*#
1,2020-12-01 04:54:25,2020-12-01 05:08:15,1,4.20,1,N,151,162,1,14.5,3,0.5,5.45,0,0.3,23.75,2.5,random destip*#
1,2020-12-01 04:14:42,2020-12-01 04:35:15,1,6.00,1,N,186,42,2,21,3,0.5,0,0,0.3,24.8,2.5,random destip*#
2,2020-12-01 04:51:15,2020-12-01 05:14:26,3,19.43,4,N,132,265,1,75,0.5,0.5,5,0,0.3,81.3,0,random destip*#
1,2020-12-01 04:52:49,2020-12-01 04:53:27,1,.00,1,N,79,79,2,2.5,3,0.5,0,0,0.3,6.3,2.5,random destip*#
